unit,timestamp,value
bpm,2023-11-10 00:20:37,85.0
bpm,2023-11-10 00:20:46,82.0
bpm,2023-11-10 00:21:12,79.0
bpm,2023-11-10 00:40:36,77.0
bpm,2023-11-10 00:40:39,84.0
bpm,2023-11-10 00:40:52,75.0
bpm,2023-11-10 00:51:01,76.0
bpm,2023-11-10 00:51:02,79.0
bpm,2023-11-10 00:51:03,81.0
bpm,2023-11-10 01:00:51,69.0
bpm,2023-11-10 01:00:57,65.0
bpm,2023-11-10 01:01:30,75.0
bpm,2023-11-10 02:34:58,84.0
bpm,2023-11-10 02:46:42,84.0
bpm,2023-11-10 02:51:42,84.0
bpm,2023-11-10 02:56:42,78.0
bpm,2023-11-10 03:01:42,77.0
bpm,2023-11-10 03:06:42,77.0
bpm,2023-11-10 03:11:42,77.0
bpm,2023-11-10 03:11:59,75.0
bpm,2023-11-10 03:16:59,76.0
bpm,2023-11-10 03:21:59,76.0
bpm,2023-11-10 03:26:59,73.0
bpm,2023-11-12 00:25:23,100.0
bpm,2023-11-12 00:25:24,102.0
bpm,2023-11-12 00:25:26,103.0
bpm,2023-11-12 00:42:02,72.0
bpm,2023-11-12 00:42:13,77.0
bpm,2023-11-12 00:42:31,75.0
bpm,2023-11-12 00:47:11,75.0
bpm,2023-11-12 00:47:16,80.0
bpm,2023-11-12 00:47:47,84.0
bpm,2023-11-12 00:52:32,78.0
bpm,2023-11-12 00:52:34,76.0
bpm,2023-11-12 00:52:44,80.0
bpm,2023-11-12 00:57:34,79.0
bpm,2023-11-12 00:57:37,77.0
bpm,2023-11-12 00:57:50,74.0
bpm,2023-11-12 01:02:54,71.0
bpm,2023-11-12 01:03:07,85.0
bpm,2023-11-12 01:03:16,77.0
bpm,2023-11-12 01:07:56,82.0
bpm,2023-11-12 01:08:05,78.0
bpm,2023-11-12 01:08:19,75.0
bpm,2023-11-12 01:13:13,67.0
bpm,2023-11-12 01:13:36,75.0
bpm,2023-11-12 01:13:37,65.0
bpm,2023-11-12 01:18:17,70.0
bpm,2023-11-12 01:18:20,73.0
bpm,2023-11-12 01:18:53,67.0
bpm,2023-11-12 01:48:38,89.0
bpm,2023-11-12 01:48:39,83.0
bpm,2023-11-12 01:48:54,81.0
bpm,2023-11-12 02:29:08,105.0
bpm,2023-11-12 02:29:16,134.0
bpm,2023-11-12 02:29:22,124.0
bpm,2023-11-12 04:01:06,131.0
bpm,2023-11-12 04:01:08,129.0
bpm,2023-11-12 04:06:23,84.0
bpm,2023-11-12 04:06:42,83.0
bpm,2023-11-12 04:06:44,86.0
bpm,2023-11-12 04:11:33,76.0
bpm,2023-11-12 04:11:34,72.0
bpm,2023-11-12 04:11:56,78.0
bpm,2023-11-12 04:16:46,79.0
bpm,2023-11-12 04:16:50,77.0
bpm,2023-11-12 04:16:51,75.0
bpm,2023-11-12 04:21:45,79.0
bpm,2023-11-12 04:22:11,81.0
bpm,2023-11-12 04:22:13,77.0
bpm,2023-11-12 04:27:03,75.0
bpm,2023-11-12 04:27:06,85.0
bpm,2023-11-12 04:27:07,83.0
bpm,2023-11-12 04:27:24,79.0
bpm,2023-11-12 04:32:03,74.0
bpm,2023-11-12 04:37:03,76.0
bpm,2023-11-12 04:42:03,73.0
bpm,2023-11-12 04:47:03,73.0
bpm,2023-11-12 04:52:03,74.0
bpm,2023-11-12 05:13:03,70.0
bpm,2023-11-12 05:14:41,66.0
bpm,2023-11-12 05:14:58,70.0
bpm,2023-11-12 05:14:59,68.0
bpm,2023-11-12 05:18:03,69.0
bpm,2023-11-12 05:23:03,69.0
bpm,2023-11-12 05:28:03,69.0
bpm,2023-11-12 05:33:03,69.0
bpm,2023-11-12 05:38:03,70.0
bpm,2023-11-12 06:15:02,64.0
bpm,2023-11-12 06:25:16,60.0
bpm,2023-11-12 06:30:03,60.0
bpm,2023-11-12 06:30:16,59.0
bpm,2023-11-12 06:35:03,59.0
bpm,2023-11-12 06:35:16,58.0
bpm,2023-11-12 06:40:03,58.0
bpm,2023-11-12 06:40:16,59.0
bpm,2023-11-12 06:45:03,59.0
bpm,2023-11-12 06:45:16,59.0
bpm,2023-11-12 06:50:03,59.0
bpm,2023-11-12 06:50:16,59.0
bpm,2023-11-12 06:55:03,59.0
bpm,2023-11-12 06:55:16,59.0
bpm,2023-11-12 07:00:03,59.0
bpm,2023-11-12 07:00:16,61.0
bpm,2023-11-12 07:05:03,61.0
bpm,2023-11-12 07:05:16,61.0
bpm,2023-11-12 07:10:03,61.0
bpm,2023-11-12 07:10:16,60.0
bpm,2023-11-12 07:15:03,60.0
bpm,2023-11-12 07:15:16,60.0
bpm,2023-11-12 07:20:03,60.0
bpm,2023-11-12 07:20:16,61.0
bpm,2023-11-12 07:25:03,61.0
bpm,2023-11-12 07:25:17,62.0
bpm,2023-11-12 07:30:03,62.0
bpm,2023-11-12 07:30:17,61.0
bpm,2023-11-12 07:35:03,61.0
bpm,2023-11-12 07:35:17,62.0
bpm,2023-11-12 07:40:03,62.0
bpm,2023-11-12 07:40:17,64.0
bpm,2023-11-12 07:45:03,64.0
bpm,2023-11-12 07:45:17,70.0
bpm,2023-11-12 07:50:03,70.0
bpm,2023-11-12 07:50:17,72.0
bpm,2023-11-12 07:55:03,72.0
bpm,2023-11-12 07:55:17,72.0
bpm,2023-11-12 08:00:03,72.0
bpm,2023-11-12 08:00:17,69.0
bpm,2023-11-12 08:05:03,69.0
bpm,2023-11-12 08:05:17,66.0
bpm,2023-11-12 08:10:03,66.0
bpm,2023-11-12 08:10:17,66.0
bpm,2023-11-12 08:15:03,66.0
bpm,2023-11-12 08:15:17,67.0
bpm,2023-11-12 08:20:03,67.0
bpm,2023-11-12 08:20:17,65.0
bpm,2023-11-12 08:25:03,65.0
bpm,2023-11-12 08:25:16,65.0
bpm,2023-11-12 08:30:03,65.0
bpm,2023-11-12 08:30:16,66.0
bpm,2023-11-12 08:35:03,66.0
bpm,2023-11-12 08:35:16,66.0
bpm,2023-11-12 08:40:03,66.0
bpm,2023-11-12 08:40:16,66.0
bpm,2023-11-12 08:45:03,66.0
bpm,2023-11-12 08:45:16,66.0
bpm,2023-11-12 08:50:03,66.0
bpm,2023-11-12 08:50:16,68.0
bpm,2023-11-12 08:55:03,68.0
bpm,2023-11-12 08:55:16,65.0
bpm,2023-11-12 09:00:03,65.0
bpm,2023-11-12 09:00:16,64.0
bpm,2023-11-12 09:05:03,64.0
bpm,2023-11-12 09:05:16,64.0
bpm,2023-11-12 09:10:03,64.0
bpm,2023-11-12 09:10:16,62.0
bpm,2023-11-12 09:15:03,62.0
bpm,2023-11-12 09:15:16,62.0
bpm,2023-11-12 09:20:03,62.0
bpm,2023-11-12 09:20:16,64.0
bpm,2023-11-12 09:25:03,64.0
bpm,2023-11-12 09:25:17,72.0
bpm,2023-11-12 09:30:03,72.0
bpm,2023-11-12 09:30:17,74.0
bpm,2023-11-12 09:35:03,74.0
bpm,2023-11-12 09:35:17,72.0
bpm,2023-11-12 09:40:03,72.0
bpm,2023-11-12 09:40:17,69.0
bpm,2023-11-12 09:45:03,69.0
bpm,2023-11-12 09:45:17,64.0
bpm,2023-11-12 09:50:03,64.0
bpm,2023-11-12 09:50:17,66.0
bpm,2023-11-12 09:55:03,66.0
bpm,2023-11-12 09:55:17,63.0
bpm,2023-11-12 10:00:03,63.0
bpm,2023-11-12 10:00:17,63.0
bpm,2023-11-12 10:05:03,63.0
bpm,2023-11-12 10:05:17,63.0
bpm,2023-11-12 10:10:03,63.0
bpm,2023-11-12 10:10:17,63.0
bpm,2023-11-12 10:15:03,63.0
bpm,2023-11-12 10:15:17,63.0
bpm,2023-11-12 10:20:03,63.0
bpm,2023-11-12 10:20:17,64.0
bpm,2023-11-12 10:25:03,64.0
bpm,2023-11-12 10:25:17,65.0
bpm,2023-11-12 10:30:03,65.0
bpm,2023-11-12 10:30:17,66.0
bpm,2023-11-12 10:35:03,66.0
bpm,2023-11-12 10:35:17,65.0
bpm,2023-11-12 10:40:03,65.0
bpm,2023-11-12 10:40:17,66.0
bpm,2023-11-12 10:45:03,66.0
bpm,2023-11-12 10:45:17,66.0
bpm,2023-11-12 10:50:03,66.0
bpm,2023-11-12 10:50:17,65.0
bpm,2023-11-12 10:55:03,65.0
bpm,2023-11-12 10:55:17,64.0
bpm,2023-11-12 11:00:03,64.0
bpm,2023-11-12 11:00:17,64.0
bpm,2023-11-12 11:05:03,64.0
bpm,2023-11-12 11:05:17,62.0
bpm,2023-11-12 11:10:03,62.0
bpm,2023-11-12 11:10:17,66.0
bpm,2023-11-12 11:15:03,66.0
bpm,2023-11-12 11:15:17,67.0
bpm,2023-11-12 11:20:03,67.0
bpm,2023-11-12 11:20:17,68.0
bpm,2023-11-12 11:25:03,68.0
bpm,2023-11-12 11:25:17,65.0
bpm,2023-11-12 11:30:03,65.0
bpm,2023-11-12 11:30:17,61.0
bpm,2023-11-12 11:35:03,61.0
bpm,2023-11-12 11:35:17,60.0
bpm,2023-11-12 11:40:03,60.0
bpm,2023-11-12 11:40:17,61.0
bpm,2023-11-12 11:45:03,61.0
bpm,2023-11-12 11:45:17,61.0
bpm,2023-11-12 11:50:03,61.0
bpm,2023-11-12 11:50:17,57.0
bpm,2023-11-12 11:55:03,57.0
bpm,2023-11-12 11:55:17,59.0
bpm,2023-11-12 12:00:03,59.0
bpm,2023-11-12 12:00:17,59.0
bpm,2023-11-12 12:05:03,59.0
bpm,2023-11-12 12:05:17,59.0
bpm,2023-11-12 12:10:03,59.0
bpm,2023-11-12 12:10:17,59.0
bpm,2023-11-12 12:15:03,59.0
bpm,2023-11-12 12:15:17,58.0
bpm,2023-11-12 12:20:03,58.0
bpm,2023-11-12 12:20:17,62.0
bpm,2023-11-12 12:25:03,62.0
bpm,2023-11-12 12:25:17,64.0
bpm,2023-11-12 12:30:03,64.0
bpm,2023-11-12 12:30:17,66.0
bpm,2023-11-12 12:35:03,66.0
bpm,2023-11-12 12:35:17,66.0
bpm,2023-11-12 12:40:03,66.0
bpm,2023-11-12 12:40:17,61.0
bpm,2023-11-12 12:45:03,61.0
bpm,2023-11-12 12:45:17,57.0
bpm,2023-11-12 12:50:03,57.0
bpm,2023-11-12 12:50:17,57.0
bpm,2023-11-12 12:55:03,57.0
bpm,2023-11-12 12:55:18,57.0
bpm,2023-11-12 13:00:03,57.0
bpm,2023-11-12 13:00:18,55.0
bpm,2023-11-12 13:05:03,55.0
bpm,2023-11-12 13:05:18,55.0
bpm,2023-11-12 13:10:03,55.0
bpm,2023-11-12 13:10:18,56.0
bpm,2023-11-12 13:15:03,56.0
bpm,2023-11-12 13:15:18,59.0
bpm,2023-11-12 13:20:03,59.0
bpm,2023-11-12 13:20:18,61.0
bpm,2023-11-12 13:25:03,61.0
bpm,2023-11-12 13:25:17,61.0
bpm,2023-11-12 13:30:03,61.0
bpm,2023-11-12 13:30:17,63.0
bpm,2023-11-12 13:35:03,63.0
bpm,2023-11-12 13:35:17,65.0
bpm,2023-11-12 13:40:03,65.0
bpm,2023-11-12 13:40:17,70.0
bpm,2023-11-12 13:45:03,70.0
bpm,2023-11-12 13:45:17,68.0
bpm,2023-11-12 13:50:03,68.0
bpm,2023-11-12 13:50:17,67.0
bpm,2023-11-12 13:55:03,67.0
bpm,2023-11-12 13:55:17,71.0
bpm,2023-11-12 14:00:03,71.0
bpm,2023-11-12 14:00:17,71.0
bpm,2023-11-12 14:05:03,71.0
bpm,2023-11-12 14:05:17,67.0
bpm,2023-11-12 14:10:03,67.0
bpm,2023-11-12 14:10:17,63.0
bpm,2023-11-12 14:15:03,63.0
bpm,2023-11-12 14:15:17,63.0
bpm,2023-11-12 14:20:03,63.0
bpm,2023-11-12 14:20:17,60.0
bpm,2023-11-12 14:25:03,60.0
bpm,2023-11-12 14:25:17,61.0
bpm,2023-11-12 14:30:03,61.0
bpm,2023-11-12 14:30:17,60.0
bpm,2023-11-12 14:35:03,60.0
bpm,2023-11-12 14:35:17,61.0
bpm,2023-11-12 14:40:03,61.0
bpm,2023-11-12 14:40:17,61.0
bpm,2023-11-12 14:45:03,61.0
bpm,2023-11-12 14:45:17,61.0
bpm,2023-11-12 14:50:03,61.0
bpm,2023-11-12 14:50:17,62.0
bpm,2023-11-12 14:55:03,62.0
bpm,2023-11-12 14:55:17,60.0
bpm,2023-11-12 15:00:03,60.0
bpm,2023-11-12 15:00:17,57.0
bpm,2023-11-12 15:05:03,57.0
bpm,2023-11-12 15:05:17,59.0
bpm,2023-11-12 15:10:03,59.0
bpm,2023-11-12 15:10:17,60.0
bpm,2023-11-12 15:15:03,60.0
bpm,2023-11-12 15:15:17,60.0
bpm,2023-11-12 15:20:03,60.0
bpm,2023-11-12 15:20:17,60.0
bpm,2023-11-12 15:22:00,61.0
bpm,2023-11-12 15:25:03,60.0
bpm,2023-11-12 15:27:00,65.0
bpm,2023-11-12 15:32:00,64.0
bpm,2023-11-12 16:19:36,82.0
bpm,2023-11-12 16:19:57,91.0
bpm,2023-11-12 16:29:51,77.0
bpm,2023-11-12 16:29:52,83.0
bpm,2023-11-12 16:29:58,75.0
bpm,2023-11-12 16:39:52,126.0
bpm,2023-11-12 16:39:53,123.0
bpm,2023-11-12 16:40:01,117.0
bpm,2023-11-12 16:47:04,102.0
bpm,2023-11-12 16:52:04,109.0
bpm,2023-11-12 17:09:33,107.0
bpm,2023-11-12 17:09:55,82.0
bpm,2023-11-12 17:09:57,88.0
bpm,2023-11-12 17:15:09,92.0
bpm,2023-11-12 17:15:12,94.0
bpm,2023-11-12 17:15:13,96.0
bpm,2023-11-12 17:19:51,96.0
bpm,2023-11-12 17:20:20,98.0
bpm,2023-11-12 17:20:23,95.0
bpm,2023-11-12 17:25:06,90.0
bpm,2023-11-12 17:25:13,95.0
bpm,2023-11-12 17:25:15,92.0
bpm,2023-11-12 17:30:03,90.0
bpm,2023-11-12 17:30:05,95.0
bpm,2023-11-12 17:35:36,78.0
bpm,2023-11-12 17:35:47,81.0
bpm,2023-11-12 17:35:51,84.0
bpm,2023-11-12 17:51:10,85.0
bpm,2023-11-12 17:51:14,80.0
bpm,2023-11-12 17:51:16,93.0
bpm,2023-11-12 18:07:57,78.0
bpm,2023-11-12 18:08:32,81.0
bpm,2023-11-12 18:08:34,80.0
bpm,2023-11-12 18:17:45,78.0
bpm,2023-11-12 18:17:58,82.0
bpm,2023-11-12 18:18:04,86.0
bpm,2023-11-12 18:27:49,117.0
bpm,2023-11-12 18:38:09,107.0
bpm,2023-11-12 18:38:10,109.0
bpm,2023-11-12 19:13:17,84.0
bpm,2023-11-12 19:13:32,77.0
bpm,2023-11-12 19:13:48,81.0
bpm,2023-11-12 19:18:43,83.0
bpm,2023-11-12 19:18:45,82.0
bpm,2023-11-12 19:18:46,87.0
bpm,2023-11-12 19:23:41,84.0
bpm,2023-11-12 19:23:42,82.0
bpm,2023-11-12 19:23:48,80.0
bpm,2023-11-12 19:44:58,85.0
bpm,2023-11-12 19:45:03,76.0
bpm,2023-11-12 19:45:04,82.0
bpm,2023-11-12 20:10:19,77.0
bpm,2023-11-12 20:10:26,80.0
bpm,2023-11-12 20:10:33,87.0
bpm,2023-11-12 20:26:26,67.0
bpm,2023-11-12 20:26:27,72.0
bpm,2023-11-12 20:26:30,73.0
bpm,2023-11-12 20:40:53,100.0
bpm,2023-11-12 20:40:54,91.0
bpm,2023-11-12 20:40:55,94.0
bpm,2023-11-12 21:12:33,73.0
bpm,2023-11-12 21:12:43,71.0
bpm,2023-11-12 21:12:59,69.0
bpm,2023-11-12 21:43:02,115.0
bpm,2023-11-12 21:43:04,119.0
bpm,2023-11-12 21:43:08,124.0
bpm,2023-11-12 22:53:58,102.0
bpm,2023-11-12 22:54:03,100.0
bpm,2023-11-12 22:54:05,93.0
bpm,2023-11-12 23:16:28,98.0
bpm,2023-11-12 23:42:06,90.0
bpm,2023-11-12 23:42:15,92.0
bpm,2023-11-12 23:42:32,88.0
bpm,2023-11-12 23:47:01,86.0
bpm,2023-11-12 23:47:05,88.0
bpm,2023-11-12 23:47:34,87.0
bpm,2023-11-12 23:50:12,81.0
bpm,2023-11-13 00:00:12,81.0
bpm,2023-11-13 00:17:28,82.0
bpm,2023-11-13 00:49:51,90.0
bpm,2023-11-13 00:49:59,78.0
bpm,2023-11-13 00:50:08,83.0
bpm,2023-11-13 02:31:08,83.0
bpm,2023-11-13 02:31:09,86.0
bpm,2023-11-13 02:31:42,69.0
bpm,2023-11-13 02:51:25,98.0
bpm,2023-11-13 02:51:56,102.0
bpm,2023-11-13 02:52:04,91.0
bpm,2023-11-13 02:56:39,89.0
bpm,2023-11-13 02:56:54,92.0
bpm,2023-11-13 03:15:06,81.0
bpm,2023-11-13 03:15:08,84.0
bpm,2023-11-13 03:15:17,87.0
bpm,2023-11-13 03:23:58,79.0
bpm,2023-11-13 03:24:20,83.0
bpm,2023-11-13 03:24:25,81.0
bpm,2023-11-13 03:29:16,77.0
bpm,2023-11-13 03:29:29,79.0
bpm,2023-11-13 03:29:33,80.0
bpm,2023-11-13 03:39:51,84.0
bpm,2023-11-13 03:39:54,81.0
bpm,2023-11-13 03:39:55,90.0
bpm,2023-11-13 03:49:58,85.0
bpm,2023-11-13 03:50:02,95.0
bpm,2023-11-13 03:50:08,89.0
bpm,2023-11-13 03:55:03,84.0
bpm,2023-11-13 03:55:17,83.0
bpm,2023-11-13 03:55:23,80.0
bpm,2023-11-13 04:05:54,79.0
bpm,2023-11-13 04:05:55,79.0
bpm,2023-11-13 04:05:56,87.0
bpm,2023-11-13 04:15:38,90.0
bpm,2023-11-13 04:15:41,84.0
bpm,2023-11-13 04:16:16,81.0
bpm,2023-11-13 04:20:56,78.0
bpm,2023-11-13 04:20:59,80.0
bpm,2023-11-13 04:21:12,76.0
bpm,2023-11-13 04:22:30,80.0
bpm,2023-11-13 04:32:30,78.0
bpm,2023-11-13 05:04:50,87.0
bpm,2023-11-13 05:05:08,78.0
bpm,2023-11-13 05:05:14,82.0
bpm,2023-11-13 05:14:53,83.0
bpm,2023-11-13 05:15:16,84.0
bpm,2023-11-13 05:15:22,86.0
bpm,2023-11-13 05:25:44,81.0
bpm,2023-11-13 05:25:53,79.0
bpm,2023-11-13 05:25:54,73.0
bpm,2023-11-13 05:37:13,78.0
bpm,2023-11-13 05:37:15,73.0
bpm,2023-11-13 05:37:34,82.0
bpm,2023-11-13 06:03:05,74.0
bpm,2023-11-13 06:03:32,70.0
bpm,2023-11-13 06:03:34,67.0
bpm,2023-11-13 06:09:28,75.0
bpm,2023-11-13 06:09:38,63.0
bpm,2023-11-13 06:09:50,68.0
bpm,2023-11-13 06:14:43,69.0
bpm,2023-11-13 06:14:44,71.0
bpm,2023-11-13 06:14:55,68.0
bpm,2023-11-13 06:19:29,70.0
bpm,2023-11-13 06:21:29,70.0
bpm,2023-11-13 06:21:30,70.0
bpm,2023-11-13 06:24:29,64.0
bpm,2023-11-13 06:26:29,64.0
bpm,2023-11-13 06:26:30,64.0
bpm,2023-11-13 06:30:12,63.0
bpm,2023-11-13 06:31:29,63.0
bpm,2023-11-13 06:31:30,63.0
bpm,2023-11-13 06:35:12,63.0
bpm,2023-11-13 06:36:29,63.0
bpm,2023-11-13 06:36:30,63.0
bpm,2023-11-13 06:40:12,62.0
bpm,2023-11-13 06:41:29,62.0
bpm,2023-11-13 06:41:30,62.0
bpm,2023-11-13 06:45:12,63.0
bpm,2023-11-13 06:46:29,63.0
bpm,2023-11-13 06:46:30,63.0
bpm,2023-11-13 06:50:12,64.0
bpm,2023-11-13 06:51:29,64.0
bpm,2023-11-13 06:51:30,64.0
bpm,2023-11-13 06:55:12,65.0
bpm,2023-11-13 06:56:29,65.0
bpm,2023-11-13 06:56:30,65.0
bpm,2023-11-13 07:00:12,65.0
bpm,2023-11-13 07:01:29,65.0
bpm,2023-11-13 07:01:30,65.0
bpm,2023-11-13 07:05:12,67.0
bpm,2023-11-13 07:06:29,67.0
bpm,2023-11-13 07:06:30,67.0
bpm,2023-11-13 07:10:12,65.0
bpm,2023-11-13 07:11:29,65.0
bpm,2023-11-13 07:11:30,65.0
bpm,2023-11-13 07:15:12,62.0
bpm,2023-11-13 07:16:29,62.0
bpm,2023-11-13 07:16:30,62.0
bpm,2023-11-13 07:20:12,64.0
bpm,2023-11-13 07:21:29,64.0
bpm,2023-11-13 07:21:30,64.0
bpm,2023-11-13 07:25:12,65.0
bpm,2023-11-13 07:26:29,65.0
bpm,2023-11-13 07:26:30,65.0
bpm,2023-11-13 07:30:12,65.0
bpm,2023-11-13 07:31:29,65.0
bpm,2023-11-13 07:31:30,65.0
bpm,2023-11-13 07:35:12,64.0
bpm,2023-11-13 07:36:29,64.0
bpm,2023-11-13 07:36:30,64.0
bpm,2023-11-13 07:40:12,65.0
bpm,2023-11-13 07:41:29,65.0
bpm,2023-11-13 07:41:30,65.0
bpm,2023-11-13 07:45:12,65.0
bpm,2023-11-13 07:46:29,65.0
bpm,2023-11-13 07:46:30,65.0
bpm,2023-11-13 07:50:12,66.0
bpm,2023-11-13 07:51:29,66.0
bpm,2023-11-13 07:51:30,66.0
bpm,2023-11-13 07:55:12,69.0
bpm,2023-11-13 07:56:29,69.0
bpm,2023-11-13 07:56:30,69.0
bpm,2023-11-13 08:00:14,73.0
bpm,2023-11-13 08:01:29,73.0
bpm,2023-11-13 08:01:30,73.0
bpm,2023-11-13 08:05:14,74.0
bpm,2023-11-13 08:06:29,74.0
bpm,2023-11-13 08:06:30,74.0
bpm,2023-11-13 08:10:14,73.0
bpm,2023-11-13 08:11:29,73.0
bpm,2023-11-13 08:11:30,73.0
bpm,2023-11-13 08:15:14,71.0
bpm,2023-11-13 08:16:29,71.0
bpm,2023-11-13 08:16:30,71.0
bpm,2023-11-13 08:20:14,71.0
bpm,2023-11-13 08:21:29,71.0
bpm,2023-11-13 08:21:30,71.0
bpm,2023-11-13 08:25:14,69.0
bpm,2023-11-13 08:26:29,69.0
bpm,2023-11-13 08:26:30,69.0
bpm,2023-11-13 08:30:14,69.0
bpm,2023-11-13 08:31:29,69.0
bpm,2023-11-13 08:31:30,69.0
bpm,2023-11-13 08:35:14,69.0
bpm,2023-11-13 08:36:29,69.0
bpm,2023-11-13 08:36:30,69.0
bpm,2023-11-13 08:40:14,70.0
bpm,2023-11-13 08:41:29,70.0
bpm,2023-11-13 08:41:30,70.0
bpm,2023-11-13 08:45:14,70.0
bpm,2023-11-13 08:46:29,70.0
bpm,2023-11-13 08:46:30,70.0
bpm,2023-11-13 08:50:14,71.0
bpm,2023-11-13 08:51:29,71.0
bpm,2023-11-13 08:51:30,71.0
bpm,2023-11-13 08:55:14,72.0
bpm,2023-11-13 08:56:29,72.0
bpm,2023-11-13 08:56:30,72.0
bpm,2023-11-13 09:00:14,70.0
bpm,2023-11-13 09:01:29,70.0
bpm,2023-11-13 09:01:30,70.0
bpm,2023-11-13 09:05:14,69.0
bpm,2023-11-13 09:06:29,69.0
bpm,2023-11-13 09:06:30,69.0
bpm,2023-11-13 09:10:14,68.0
bpm,2023-11-13 09:11:29,68.0
bpm,2023-11-13 09:11:30,68.0
bpm,2023-11-13 09:15:14,68.0
bpm,2023-11-13 09:16:29,68.0
bpm,2023-11-13 09:16:30,68.0
bpm,2023-11-13 09:20:14,67.0
bpm,2023-11-13 09:21:29,67.0
bpm,2023-11-13 09:21:30,67.0
bpm,2023-11-13 09:25:14,71.0
bpm,2023-11-13 09:26:29,71.0
bpm,2023-11-13 09:26:30,71.0
bpm,2023-11-13 09:30:14,72.0
bpm,2023-11-13 09:31:29,72.0
bpm,2023-11-13 09:31:30,72.0
bpm,2023-11-13 09:35:14,72.0
bpm,2023-11-13 09:36:29,72.0
bpm,2023-11-13 09:36:30,72.0
bpm,2023-11-13 09:40:14,73.0
bpm,2023-11-13 09:41:29,73.0
bpm,2023-11-13 09:41:30,73.0
bpm,2023-11-13 09:45:14,69.0
bpm,2023-11-13 09:46:29,69.0
bpm,2023-11-13 09:46:30,69.0
bpm,2023-11-13 09:50:14,67.0
bpm,2023-11-13 09:51:29,67.0
bpm,2023-11-13 09:51:30,67.0
bpm,2023-11-13 09:55:14,65.0
bpm,2023-11-13 09:56:29,65.0
bpm,2023-11-13 09:56:30,65.0
bpm,2023-11-13 10:00:14,65.0
bpm,2023-11-13 10:01:29,65.0
bpm,2023-11-13 10:01:30,65.0
bpm,2023-11-13 10:05:14,65.0
bpm,2023-11-13 10:06:29,65.0
bpm,2023-11-13 10:06:30,65.0
bpm,2023-11-13 10:10:14,62.0
bpm,2023-11-13 10:11:29,62.0
bpm,2023-11-13 10:11:30,62.0
bpm,2023-11-13 10:15:14,61.0
bpm,2023-11-13 10:16:29,61.0
bpm,2023-11-13 10:16:30,61.0
bpm,2023-11-13 10:20:14,62.0
bpm,2023-11-13 10:21:29,62.0
bpm,2023-11-13 10:21:30,62.0
bpm,2023-11-13 10:25:14,63.0
bpm,2023-11-13 10:26:29,63.0
bpm,2023-11-13 10:26:30,63.0
bpm,2023-11-13 10:30:14,63.0
bpm,2023-11-13 10:31:29,63.0
bpm,2023-11-13 10:31:30,63.0
bpm,2023-11-13 10:35:14,64.0
bpm,2023-11-13 10:36:29,64.0
bpm,2023-11-13 10:36:30,64.0
bpm,2023-11-13 10:40:14,62.0
bpm,2023-11-13 10:41:29,62.0
bpm,2023-11-13 10:41:30,62.0
bpm,2023-11-13 10:45:14,63.0
bpm,2023-11-13 10:46:29,63.0
bpm,2023-11-13 10:46:30,63.0
bpm,2023-11-13 10:50:14,62.0
bpm,2023-11-13 10:51:29,62.0
bpm,2023-11-13 10:51:30,62.0
bpm,2023-11-13 10:55:14,68.0
bpm,2023-11-13 10:56:29,68.0
bpm,2023-11-13 10:56:30,68.0
bpm,2023-11-13 11:00:14,72.0
bpm,2023-11-13 11:01:29,72.0
bpm,2023-11-13 11:01:30,72.0
bpm,2023-11-13 11:05:14,71.0
bpm,2023-11-13 11:06:29,71.0
bpm,2023-11-13 11:06:30,71.0
bpm,2023-11-13 11:10:14,66.0
bpm,2023-11-13 11:11:29,66.0
bpm,2023-11-13 11:11:30,66.0
bpm,2023-11-13 11:15:14,67.0
bpm,2023-11-13 11:16:29,67.0
bpm,2023-11-13 11:16:30,67.0
bpm,2023-11-13 11:20:14,64.0
bpm,2023-11-13 11:21:29,64.0
bpm,2023-11-13 11:21:30,64.0
bpm,2023-11-13 11:25:14,66.0
bpm,2023-11-13 11:26:29,66.0
bpm,2023-11-13 11:26:30,66.0
bpm,2023-11-13 11:30:14,66.0
bpm,2023-11-13 11:31:29,66.0
bpm,2023-11-13 11:31:30,66.0
bpm,2023-11-13 11:35:14,66.0
bpm,2023-11-13 11:36:29,66.0
bpm,2023-11-13 11:36:30,66.0
bpm,2023-11-13 11:40:14,67.0
bpm,2023-11-13 11:41:29,67.0
bpm,2023-11-13 11:41:30,67.0
bpm,2023-11-13 11:45:14,67.0
bpm,2023-11-13 11:46:29,67.0
bpm,2023-11-13 11:46:30,67.0
bpm,2023-11-13 11:50:14,66.0
bpm,2023-11-13 11:51:29,66.0
bpm,2023-11-13 11:51:30,66.0
bpm,2023-11-13 11:55:14,67.0
bpm,2023-11-13 11:56:29,67.0
bpm,2023-11-13 11:56:30,67.0
bpm,2023-11-13 12:00:14,67.0
bpm,2023-11-13 12:01:29,67.0
bpm,2023-11-13 12:01:30,67.0
bpm,2023-11-13 12:05:14,67.0
bpm,2023-11-13 12:06:29,67.0
bpm,2023-11-13 12:06:30,67.0
bpm,2023-11-13 12:10:14,67.0
bpm,2023-11-13 12:11:29,67.0
bpm,2023-11-13 12:11:30,67.0
bpm,2023-11-13 12:15:14,67.0
bpm,2023-11-13 12:16:29,67.0
bpm,2023-11-13 12:16:30,67.0
bpm,2023-11-13 12:20:14,70.0
bpm,2023-11-13 12:21:29,70.0
bpm,2023-11-13 12:21:30,70.0
bpm,2023-11-13 12:25:14,72.0
bpm,2023-11-13 12:26:29,72.0
bpm,2023-11-13 12:26:30,72.0
bpm,2023-11-13 12:30:14,70.0
bpm,2023-11-13 12:31:29,70.0
bpm,2023-11-13 12:31:30,70.0
bpm,2023-11-13 12:35:14,70.0
bpm,2023-11-13 12:36:29,70.0
bpm,2023-11-13 12:36:30,70.0
bpm,2023-11-13 12:40:14,68.0
bpm,2023-11-13 12:41:29,68.0
bpm,2023-11-13 12:41:30,68.0
bpm,2023-11-13 12:45:14,68.0
bpm,2023-11-13 12:46:29,68.0
bpm,2023-11-13 12:46:30,68.0
bpm,2023-11-13 12:50:14,66.0
bpm,2023-11-13 12:51:29,66.0
bpm,2023-11-13 12:51:30,66.0
bpm,2023-11-13 12:55:14,66.0
bpm,2023-11-13 12:56:29,66.0
bpm,2023-11-13 12:56:30,66.0
bpm,2023-11-13 13:00:14,65.0
bpm,2023-11-13 13:01:29,65.0
bpm,2023-11-13 13:01:30,65.0
bpm,2023-11-13 13:05:14,64.0
bpm,2023-11-13 13:06:29,64.0
bpm,2023-11-13 13:06:30,64.0
bpm,2023-11-13 13:10:14,61.0
bpm,2023-11-13 13:11:29,61.0
bpm,2023-11-13 13:11:30,61.0
bpm,2023-11-13 13:15:14,60.0
bpm,2023-11-13 13:16:29,60.0
bpm,2023-11-13 13:16:30,60.0
bpm,2023-11-13 13:20:14,62.0
bpm,2023-11-13 13:21:29,62.0
bpm,2023-11-13 13:21:30,62.0
bpm,2023-11-13 13:25:14,60.0
bpm,2023-11-13 13:26:29,60.0
bpm,2023-11-13 13:26:30,60.0
bpm,2023-11-13 13:30:14,61.0
bpm,2023-11-13 13:31:29,61.0
bpm,2023-11-13 13:31:30,61.0
bpm,2023-11-13 13:35:14,60.0
bpm,2023-11-13 13:36:29,60.0
bpm,2023-11-13 13:36:30,60.0
bpm,2023-11-13 13:40:14,63.0
bpm,2023-11-13 13:41:29,63.0
bpm,2023-11-13 13:41:30,63.0
bpm,2023-11-13 13:45:14,68.0
bpm,2023-11-13 13:46:29,68.0
bpm,2023-11-13 13:46:30,68.0
bpm,2023-11-13 13:50:14,70.0
bpm,2023-11-13 13:51:29,70.0
bpm,2023-11-13 13:51:30,70.0
bpm,2023-11-13 13:55:14,69.0
bpm,2023-11-13 13:56:29,69.0
bpm,2023-11-13 13:56:30,69.0
bpm,2023-11-13 14:00:13,67.0
bpm,2023-11-13 14:01:29,67.0
bpm,2023-11-13 14:01:30,67.0
bpm,2023-11-13 14:05:13,68.0
bpm,2023-11-13 14:06:29,68.0
bpm,2023-11-13 14:06:30,68.0
bpm,2023-11-13 14:10:13,69.0
bpm,2023-11-13 14:11:29,69.0
bpm,2023-11-13 14:11:30,69.0
bpm,2023-11-13 14:15:13,64.0
bpm,2023-11-13 14:16:29,64.0
bpm,2023-11-13 14:16:30,64.0
bpm,2023-11-13 14:20:13,64.0
bpm,2023-11-13 14:21:29,64.0
bpm,2023-11-13 14:21:30,64.0
bpm,2023-11-13 14:25:13,63.0
bpm,2023-11-13 14:26:29,63.0
bpm,2023-11-13 14:26:30,63.0
bpm,2023-11-13 14:29:16,70.0
bpm,2023-11-13 14:31:30,70.0
bpm,2023-11-13 14:34:31,70.0
bpm,2023-11-13 14:39:31,67.0
bpm,2023-11-13 15:06:50,75.0
bpm,2023-11-13 15:07:09,77.0
bpm,2023-11-13 15:07:27,72.0
bpm,2023-11-13 16:15:06,95.0
bpm,2023-11-13 16:15:14,102.0
bpm,2023-11-13 16:19:53,107.0
bpm,2023-11-13 16:19:55,106.0
bpm,2023-11-13 16:19:56,105.0
bpm,2023-11-13 17:03:31,83.0
bpm,2023-11-13 17:26:31,81.0
bpm,2023-11-13 17:31:31,81.0
bpm,2023-11-13 18:04:09,85.0
bpm,2023-11-13 18:04:14,94.0
bpm,2023-11-13 18:04:21,110.0
bpm,2023-11-13 18:14:00,97.0
bpm,2023-11-13 18:14:04,92.0
bpm,2023-11-13 18:14:09,89.0
bpm,2023-11-13 18:34:21,94.0
bpm,2023-11-13 18:34:23,90.0
bpm,2023-11-13 18:34:49,87.0
bpm,2023-11-13 18:54:39,84.0
bpm,2023-11-13 18:54:53,81.0
bpm,2023-11-13 18:55:06,90.0
bpm,2023-11-13 19:07:32,82.0
bpm,2023-11-13 19:10:24,82.0
bpm,2023-11-13 19:10:32,84.0
bpm,2023-11-13 19:17:32,80.0
bpm,2023-11-13 19:21:32,83.0
bpm,2023-11-13 19:26:32,84.0
bpm,2023-11-13 20:54:44,78.0
bpm,2023-11-13 20:54:55,75.0
bpm,2023-11-13 20:54:57,80.0
bpm,2023-11-13 21:04:45,81.0
bpm,2023-11-13 21:04:46,74.0
bpm,2023-11-13 21:04:47,78.0
bpm,2023-11-13 21:35:15,93.0
bpm,2023-11-13 21:35:35,88.0
bpm,2023-11-13 21:55:40,105.0
bpm,2023-11-13 21:55:41,104.0
bpm,2023-11-13 21:55:54,95.0
bpm,2023-11-13 22:01:08,87.0
bpm,2023-11-13 22:01:10,96.0
bpm,2023-11-13 22:01:15,92.0
bpm,2023-11-13 22:06:31,92.0
bpm,2023-11-13 22:06:33,91.0
bpm,2023-11-13 22:06:36,94.0
bpm,2023-11-13 22:11:28,90.0
bpm,2023-11-13 22:11:44,89.0
bpm,2023-11-13 22:11:46,92.0
bpm,2023-11-13 22:27:32,82.0
bpm,2023-11-13 22:27:39,81.0
bpm,2023-11-13 22:27:43,84.0
bpm,2023-11-13 22:48:53,86.0
bpm,2023-11-13 22:48:57,91.0
bpm,2023-11-13 22:48:59,94.0
bpm,2023-11-13 23:01:15,79.0
bpm,2023-11-13 23:01:16,84.0
bpm,2023-11-13 23:01:19,89.0
bpm,2023-11-13 23:06:37,85.0
bpm,2023-11-13 23:06:41,90.0
bpm,2023-11-13 23:06:42,96.0
bpm,2023-11-13 23:11:56,83.0
bpm,2023-11-13 23:11:59,79.0
bpm,2023-11-13 23:12:00,86.0
bpm,2023-11-13 23:17:10,80.0
bpm,2023-11-13 23:17:12,86.0
bpm,2023-11-13 23:17:33,96.0
bpm,2023-11-13 23:22:56,105.0
bpm,2023-11-13 23:22:57,98.0
bpm,2023-11-13 23:22:58,101.0
bpm,2023-11-13 23:33:41,78.0
bpm,2023-11-13 23:33:42,77.0
bpm,2023-11-13 23:33:44,81.0
bpm,2023-11-13 23:39:01,71.0
bpm,2023-11-13 23:39:09,93.0
bpm,2023-11-13 23:39:11,82.0
bpm,2023-11-13 23:44:47,85.0
bpm,2023-11-13 23:44:51,79.0
bpm,2023-11-13 23:44:55,87.0
bpm,2023-11-13 23:49:41,75.0
bpm,2023-11-13 23:49:45,74.0
bpm,2023-11-13 23:49:48,85.0
bpm,2023-11-14 00:35:33,101.0
bpm,2023-11-14 00:35:47,105.0
bpm,2023-11-14 00:35:49,117.0
bpm,2023-11-14 00:44:37,83.0
bpm,2023-11-14 00:44:44,78.0
bpm,2023-11-14 00:44:49,76.0
bpm,2023-11-14 00:49:53,71.0
bpm,2023-11-14 00:49:55,84.0
bpm,2023-11-14 00:49:58,78.0
bpm,2023-11-14 00:54:31,78.0
bpm,2023-11-14 00:54:59,83.0
bpm,2023-11-14 00:55:03,74.0
bpm,2023-11-14 01:10:42,86.0
bpm,2023-11-14 01:10:51,78.0
bpm,2023-11-14 01:10:52,77.0
bpm,2023-11-14 01:40:56,88.0
bpm,2023-11-14 01:41:19,95.0
bpm,2023-11-14 01:41:23,101.0
bpm,2023-11-14 01:50:57,78.0
bpm,2023-11-14 01:51:11,72.0
bpm,2023-11-14 01:51:12,75.0
bpm,2023-11-14 02:01:32,87.0
bpm,2023-11-14 02:01:33,87.0
bpm,2023-11-14 02:01:37,123.0
bpm,2023-11-14 02:21:33,82.0
bpm,2023-11-14 02:21:35,74.0
bpm,2023-11-14 02:21:52,87.0
bpm,2023-11-14 02:51:43,86.0
bpm,2023-11-14 02:51:47,90.0
bpm,2023-11-14 03:02:04,79.0
bpm,2023-11-14 03:02:06,85.0
bpm,2023-11-14 03:02:17,82.0
bpm,2023-11-14 03:11:03,116.0
bpm,2023-11-14 03:11:08,90.0
bpm,2023-11-14 03:11:26,69.0
bpm,2023-11-14 03:16:11,81.0
bpm,2023-11-14 03:16:37,78.0
bpm,2023-11-14 03:16:38,84.0
bpm,2023-11-14 03:21:24,78.0
bpm,2023-11-14 03:21:30,87.0
bpm,2023-11-14 03:21:59,82.0
bpm,2023-11-14 03:26:59,96.0
bpm,2023-11-14 03:27:09,88.0
bpm,2023-11-14 03:57:30,82.0
bpm,2023-11-14 03:58:03,83.0
bpm,2023-11-14 03:58:09,84.0
bpm,2023-11-14 03:58:27,80.0
bpm,2023-11-14 03:59:30,80.0
bpm,2023-11-14 04:04:30,80.0
bpm,2023-11-14 04:09:30,80.0
bpm,2023-11-14 04:31:59,80.0
bpm,2023-11-14 04:32:18,78.0
bpm,2023-11-14 04:34:30,78.0
bpm,2023-11-14 04:37:39,75.0
bpm,2023-11-14 04:37:43,77.0
bpm,2023-11-14 04:37:44,76.0
bpm,2023-11-14 04:39:30,80.0
bpm,2023-11-14 05:00:29,79.0
bpm,2023-11-14 05:01:47,78.0
bpm,2023-11-14 05:02:17,80.0
bpm,2023-11-14 05:02:26,84.0
bpm,2023-11-14 05:28:27,82.0
bpm,2023-11-14 05:28:28,79.0
bpm,2023-11-14 05:44:12,69.0
bpm,2023-11-14 05:44:28,69.0
bpm,2023-11-14 05:49:12,67.0
bpm,2023-11-14 05:49:28,67.0
bpm,2023-11-14 05:54:12,68.0
bpm,2023-11-14 05:54:28,68.0
bpm,2023-11-14 05:59:12,69.0
bpm,2023-11-14 05:59:28,69.0
bpm,2023-11-14 06:04:12,71.0
bpm,2023-11-14 06:04:28,71.0
bpm,2023-11-14 06:09:12,72.0
bpm,2023-11-14 06:09:28,72.0
bpm,2023-11-14 06:14:13,72.0
bpm,2023-11-14 06:14:28,72.0
bpm,2023-11-14 06:19:13,74.0
bpm,2023-11-14 06:19:28,74.0
bpm,2023-11-14 06:24:13,76.0
bpm,2023-11-14 06:24:28,76.0
bpm,2023-11-14 06:29:13,76.0
bpm,2023-11-14 06:29:28,76.0
bpm,2023-11-14 06:34:13,75.0
bpm,2023-11-14 06:34:28,75.0
bpm,2023-11-14 06:39:13,76.0
bpm,2023-11-14 06:39:28,76.0
bpm,2023-11-14 06:44:14,73.0
bpm,2023-11-14 06:44:28,73.0
bpm,2023-11-14 06:49:14,79.0
bpm,2023-11-14 06:49:28,79.0
bpm,2023-11-14 06:54:14,77.0
bpm,2023-11-14 06:54:28,77.0
bpm,2023-11-14 06:59:14,74.0
bpm,2023-11-14 06:59:28,74.0
bpm,2023-11-14 07:04:14,74.0
bpm,2023-11-14 07:04:28,74.0
bpm,2023-11-14 07:09:14,75.0
bpm,2023-11-14 07:09:28,75.0
bpm,2023-11-14 07:14:13,75.0
bpm,2023-11-14 07:14:28,75.0
bpm,2023-11-14 07:19:13,74.0
bpm,2023-11-14 07:19:28,74.0
bpm,2023-11-14 07:24:13,71.0
bpm,2023-11-14 07:24:28,71.0
bpm,2023-11-14 07:29:13,72.0
bpm,2023-11-14 07:29:28,72.0
bpm,2023-11-14 07:34:13,74.0
bpm,2023-11-14 07:34:28,74.0
bpm,2023-11-14 07:39:13,76.0
bpm,2023-11-14 07:39:28,76.0
bpm,2023-11-14 07:44:14,74.0
bpm,2023-11-14 07:44:28,74.0
bpm,2023-11-14 07:49:14,73.0
bpm,2023-11-14 07:49:28,73.0
bpm,2023-11-14 07:54:14,81.0
bpm,2023-11-14 07:54:28,81.0
bpm,2023-11-14 07:59:14,78.0
bpm,2023-11-14 07:59:28,78.0
bpm,2023-11-14 08:04:14,76.0
bpm,2023-11-14 08:04:28,76.0
bpm,2023-11-14 08:09:14,74.0
bpm,2023-11-14 08:09:28,74.0
bpm,2023-11-14 08:14:14,69.0
bpm,2023-11-14 08:14:28,69.0
bpm,2023-11-14 08:19:14,69.0
bpm,2023-11-14 08:19:28,69.0
bpm,2023-11-14 08:24:14,69.0
bpm,2023-11-14 08:24:28,69.0
bpm,2023-11-14 08:29:14,68.0
bpm,2023-11-14 08:29:28,68.0
bpm,2023-11-14 08:34:14,68.0
bpm,2023-11-14 08:34:28,68.0
bpm,2023-11-14 08:39:14,68.0
bpm,2023-11-14 08:39:28,68.0
bpm,2023-11-14 08:44:14,67.0
bpm,2023-11-14 08:44:28,67.0
bpm,2023-11-14 08:49:14,67.0
bpm,2023-11-14 08:49:28,67.0
bpm,2023-11-14 08:54:14,66.0
bpm,2023-11-14 08:54:28,66.0
bpm,2023-11-14 08:59:14,67.0
bpm,2023-11-14 08:59:28,67.0
bpm,2023-11-14 09:04:14,67.0
bpm,2023-11-14 09:04:28,67.0
bpm,2023-11-14 09:09:14,68.0
bpm,2023-11-14 09:09:28,68.0
bpm,2023-11-14 09:14:14,68.0
bpm,2023-11-14 09:14:28,68.0
bpm,2023-11-14 09:19:14,68.0
bpm,2023-11-14 09:19:28,68.0
bpm,2023-11-14 09:24:14,69.0
bpm,2023-11-14 09:24:28,69.0
bpm,2023-11-14 09:29:14,69.0
bpm,2023-11-14 09:29:28,69.0
bpm,2023-11-14 09:34:14,69.0
bpm,2023-11-14 09:34:28,69.0
bpm,2023-11-14 09:39:14,70.0
bpm,2023-11-14 09:39:28,70.0
bpm,2023-11-14 09:44:14,70.0
bpm,2023-11-14 09:44:28,70.0
bpm,2023-11-14 09:49:14,71.0
bpm,2023-11-14 09:49:28,71.0
bpm,2023-11-14 09:54:14,73.0
bpm,2023-11-14 09:54:28,73.0
bpm,2023-11-14 09:59:14,74.0
bpm,2023-11-14 09:59:28,74.0
bpm,2023-11-14 10:04:14,72.0
bpm,2023-11-14 10:04:28,72.0
bpm,2023-11-14 10:09:14,72.0
bpm,2023-11-14 10:09:28,72.0
bpm,2023-11-14 10:14:14,71.0
bpm,2023-11-14 10:14:28,71.0
bpm,2023-11-14 10:19:14,71.0
bpm,2023-11-14 10:19:28,71.0
bpm,2023-11-14 11:04:14,65.0
bpm,2023-11-14 11:04:28,65.0
bpm,2023-11-14 11:09:14,66.0
bpm,2023-11-14 11:09:28,66.0
bpm,2023-11-14 11:14:14,66.0
bpm,2023-11-14 11:14:28,66.0
bpm,2023-11-14 11:19:14,64.0
bpm,2023-11-14 11:19:28,64.0
bpm,2023-11-14 11:24:14,68.0
bpm,2023-11-14 11:24:28,68.0
bpm,2023-11-14 11:29:14,71.0
bpm,2023-11-14 11:29:28,71.0
bpm,2023-11-14 11:34:14,72.0
bpm,2023-11-14 11:34:28,72.0
bpm,2023-11-14 11:39:14,69.0
bpm,2023-11-14 11:39:28,69.0
bpm,2023-11-14 11:44:14,68.0
bpm,2023-11-14 11:44:28,68.0
bpm,2023-11-14 11:49:14,66.0
bpm,2023-11-14 11:49:28,66.0
bpm,2023-11-14 11:54:14,65.0
bpm,2023-11-14 11:54:28,65.0
bpm,2023-11-14 11:59:14,65.0
bpm,2023-11-14 11:59:28,65.0
bpm,2023-11-14 12:04:14,62.0
bpm,2023-11-14 12:04:28,62.0
bpm,2023-11-14 12:09:14,63.0
bpm,2023-11-14 12:09:28,63.0
bpm,2023-11-14 12:14:14,62.0
bpm,2023-11-14 12:14:28,62.0
bpm,2023-11-14 12:19:14,62.0
bpm,2023-11-14 12:19:28,62.0
bpm,2023-11-14 12:24:14,62.0
bpm,2023-11-14 12:24:28,62.0
bpm,2023-11-14 12:29:14,61.0
bpm,2023-11-14 12:29:28,61.0
bpm,2023-11-14 12:34:14,61.0
bpm,2023-11-14 12:34:28,61.0
bpm,2023-11-14 12:39:14,62.0
bpm,2023-11-14 12:39:28,62.0
bpm,2023-11-14 12:44:14,62.0
bpm,2023-11-14 12:44:28,62.0
bpm,2023-11-14 12:49:14,63.0
bpm,2023-11-14 12:49:28,63.0
bpm,2023-11-14 12:54:14,66.0
bpm,2023-11-14 12:54:28,66.0
bpm,2023-11-14 12:59:14,68.0
bpm,2023-11-14 12:59:28,68.0
bpm,2023-11-14 13:04:14,66.0
bpm,2023-11-14 13:04:28,66.0
bpm,2023-11-14 13:09:14,67.0
bpm,2023-11-14 13:09:28,67.0
bpm,2023-11-14 13:14:14,72.0
bpm,2023-11-14 13:14:28,72.0
bpm,2023-11-14 13:19:14,70.0
bpm,2023-11-14 13:19:28,70.0
bpm,2023-11-14 13:24:14,65.0
bpm,2023-11-14 13:24:28,65.0
bpm,2023-11-14 13:29:14,68.0
bpm,2023-11-14 13:29:28,68.0
bpm,2023-11-14 13:34:14,60.0
bpm,2023-11-14 13:34:28,60.0
bpm,2023-11-14 13:39:14,63.0
bpm,2023-11-14 13:39:28,63.0
bpm,2023-11-14 13:44:14,63.0
bpm,2023-11-14 13:44:28,63.0
bpm,2023-11-14 13:49:14,64.0
bpm,2023-11-14 13:49:28,64.0
bpm,2023-11-14 13:54:14,63.0
bpm,2023-11-14 13:54:28,63.0
bpm,2023-11-14 13:59:14,64.0
bpm,2023-11-14 13:59:28,64.0
bpm,2023-11-14 14:04:14,64.0
bpm,2023-11-14 14:04:28,64.0
bpm,2023-11-14 14:09:14,65.0
bpm,2023-11-14 14:09:28,65.0
bpm,2023-11-14 14:14:14,68.0
bpm,2023-11-14 14:14:28,68.0
bpm,2023-11-14 14:19:14,64.0
bpm,2023-11-14 14:19:28,64.0
bpm,2023-11-14 14:24:14,70.0
bpm,2023-11-14 14:24:28,70.0
bpm,2023-11-14 14:29:14,71.0
bpm,2023-11-14 14:29:28,71.0
bpm,2023-11-14 14:34:14,69.0
bpm,2023-11-14 14:34:28,69.0
bpm,2023-11-14 14:39:14,68.0
bpm,2023-11-14 14:39:28,68.0
bpm,2023-11-14 14:45:32,64.0
bpm,2023-11-14 14:50:32,65.0
bpm,2023-11-14 14:55:32,67.0
bpm,2023-11-14 15:00:32,72.0
bpm,2023-11-14 15:22:59,75.0
bpm,2023-11-14 15:23:14,65.0
bpm,2023-11-14 15:23:17,68.0
bpm,2023-11-14 15:30:34,68.0
bpm,2023-11-14 15:30:49,71.0
bpm,2023-11-14 15:30:55,70.0
bpm,2023-11-14 15:35:43,64.0
bpm,2023-11-14 15:35:51,68.0
bpm,2023-11-14 15:35:52,67.0
bpm,2023-11-14 15:43:31,68.0
bpm,2023-11-14 15:53:31,68.0
bpm,2023-11-14 16:01:30,73.0
bpm,2023-11-14 16:06:30,73.0
bpm,2023-11-14 17:06:19,81.0
bpm,2023-11-14 17:06:20,89.0
bpm,2023-11-14 17:06:24,98.0
bpm,2023-11-14 17:16:09,86.0
bpm,2023-11-14 17:16:46,96.0
bpm,2023-11-14 17:27:42,117.0
bpm,2023-11-14 17:27:55,123.0
bpm,2023-11-14 17:27:58,126.0
bpm,2023-11-14 17:53:30,93.0
bpm,2023-11-14 17:53:42,95.0
bpm,2023-11-14 17:53:47,89.0
bpm,2023-11-14 18:03:33,100.0
bpm,2023-11-14 18:03:37,99.0
bpm,2023-11-14 18:03:39,90.0
bpm,2023-11-14 18:13:55,66.0
bpm,2023-11-14 18:13:58,87.0
bpm,2023-11-14 18:14:08,98.0
bpm,2023-11-14 18:24:12,91.0
bpm,2023-11-14 18:24:13,90.0
bpm,2023-11-14 18:33:51,108.0
bpm,2023-11-14 18:33:54,83.0
bpm,2023-11-14 18:34:27,90.0
bpm,2023-11-14 18:44:28,98.0
bpm,2023-11-14 18:44:29,102.0
bpm,2023-11-14 18:44:31,104.0
bpm,2023-11-14 18:54:12,91.0
bpm,2023-11-14 18:54:13,95.0
bpm,2023-11-14 18:54:16,97.0
bpm,2023-11-14 19:03:46,101.0
bpm,2023-11-14 19:03:48,103.0
bpm,2023-11-14 19:03:49,98.0
bpm,2023-11-14 19:09:19,90.0
bpm,2023-11-14 19:09:22,94.0
bpm,2023-11-14 19:09:27,99.0
bpm,2023-11-14 19:14:12,91.0
bpm,2023-11-14 19:14:18,88.0
bpm,2023-11-14 19:14:27,93.0
bpm,2023-11-14 19:19:44,82.0
bpm,2023-11-14 19:19:46,92.0
bpm,2023-11-14 19:19:47,85.0
bpm,2023-11-14 19:25:07,83.0
bpm,2023-11-14 19:25:27,82.0
bpm,2023-11-14 19:25:30,80.0
bpm,2023-11-14 19:34:57,80.0
bpm,2023-11-14 19:35:04,87.0
bpm,2023-11-14 19:35:22,70.0
bpm,2023-11-14 19:45:10,77.0
bpm,2023-11-14 19:45:33,84.0
bpm,2023-11-14 19:45:34,75.0
bpm,2023-11-14 19:55:26,78.0
bpm,2023-11-14 19:55:27,85.0
bpm,2023-11-14 19:55:28,83.0
bpm,2023-11-14 20:08:57,70.0
bpm,2023-11-14 20:08:58,64.0
bpm,2023-11-14 20:09:02,81.0
bpm,2023-11-14 20:15:20,84.0
bpm,2023-11-14 20:15:40,82.0
bpm,2023-11-14 20:15:44,87.0
bpm,2023-11-14 20:25:37,79.0
bpm,2023-11-14 20:25:51,69.0
bpm,2023-11-14 20:25:54,72.0
bpm,2023-11-14 20:35:42,76.0
bpm,2023-11-14 20:36:01,76.0
bpm,2023-11-14 20:36:02,75.0
bpm,2023-11-14 20:45:41,89.0
bpm,2023-11-14 20:45:45,97.0
bpm,2023-11-14 20:46:03,107.0
bpm,2023-11-14 21:46:51,108.0
bpm,2023-11-14 21:46:52,114.0
bpm,2023-11-14 21:46:53,111.0
bpm,2023-11-14 22:07:00,120.0
bpm,2023-11-14 22:07:02,114.0
bpm,2023-11-14 22:07:03,103.0
bpm,2023-11-14 22:14:48,103.0
bpm,2023-11-14 22:14:49,102.0
bpm,2023-11-14 22:14:54,100.0
bpm,2023-11-14 22:25:10,106.0
bpm,2023-11-14 22:25:11,102.0
bpm,2023-11-14 22:25:14,108.0
bpm,2023-11-14 22:37:28,94.0
bpm,2023-11-14 22:37:41,98.0
bpm,2023-11-14 22:37:43,106.0
bpm,2023-11-14 22:43:01,67.0
bpm,2023-11-14 22:43:13,100.0
bpm,2023-11-14 22:43:19,89.0
bpm,2023-11-14 22:47:55,89.0
bpm,2023-11-14 22:48:05,93.0
bpm,2023-11-14 22:48:19,99.0
bpm,2023-11-14 22:53:02,102.0
bpm,2023-11-14 22:53:37,107.0
bpm,2023-11-14 22:53:38,99.0
bpm,2023-11-14 22:58:55,98.0
bpm,2023-11-14 22:59:00,97.0
bpm,2023-11-14 22:59:03,91.0
bpm,2023-11-14 23:03:34,88.0
bpm,2023-11-14 23:03:37,91.0
bpm,2023-11-14 23:03:41,93.0
bpm,2023-11-14 23:09:05,84.0
bpm,2023-11-14 23:09:08,88.0
bpm,2023-11-14 23:09:20,85.0
bpm,2023-11-14 23:14:03,82.0
bpm,2023-11-14 23:14:33,105.0
bpm,2023-11-14 23:45:28,86.0
bpm,2023-11-14 23:45:30,83.0
bpm,2023-11-14 23:45:33,79.0
bpm,2023-11-14 23:50:36,91.0
bpm,2023-11-14 23:50:39,84.0
bpm,2023-11-14 23:55:40,82.0
bpm,2023-11-14 23:55:58,72.0
bpm,2023-11-14 23:56:01,61.0
bpm,2023-11-15 00:12:44,91.0
bpm,2023-11-15 00:22:49,89.0
bpm,2023-11-15 00:22:50,75.0
bpm,2023-11-15 00:22:59,86.0
bpm,2023-11-15 00:32:58,93.0
bpm,2023-11-15 00:32:59,86.0
bpm,2023-11-15 00:33:01,97.0
bpm,2023-11-15 00:53:16,86.0
bpm,2023-11-15 00:53:17,84.0
bpm,2023-11-15 00:53:22,73.0
bpm,2023-11-15 01:23:56,85.0
bpm,2023-11-15 01:23:57,82.0
bpm,2023-11-15 02:09:47,84.0
bpm,2023-11-15 02:09:50,87.0
bpm,2023-11-15 02:10:05,89.0
bpm,2023-11-15 02:21:30,84.0
bpm,2023-11-15 02:26:30,84.0
bpm,2023-11-15 02:54:48,85.0
bpm,2023-11-15 02:54:58,93.0
bpm,2023-11-15 02:55:06,88.0
bpm,2023-11-15 03:04:39,83.0
bpm,2023-11-15 03:04:40,91.0
bpm,2023-11-15 03:05:03,98.0
bpm,2023-11-15 03:45:09,95.0
bpm,2023-11-15 03:45:10,103.0
bpm,2023-11-15 03:45:27,88.0
bpm,2023-11-15 04:05:31,87.0
bpm,2023-11-15 04:05:32,81.0
bpm,2023-11-15 04:05:53,89.0
bpm,2023-11-15 04:15:34,100.0
bpm,2023-11-15 04:15:41,105.0
bpm,2023-11-15 04:15:44,106.0
bpm,2023-11-15 04:25:51,68.0
bpm,2023-11-15 04:25:57,77.0
bpm,2023-11-15 04:25:59,71.0
bpm,2023-11-15 04:35:50,84.0
bpm,2023-11-15 04:35:52,78.0
bpm,2023-11-15 04:56:00,100.0
bpm,2023-11-15 04:56:19,114.0
bpm,2023-11-15 04:56:36,95.0
bpm,2023-11-15 05:06:23,86.0
bpm,2023-11-15 05:06:24,96.0
bpm,2023-11-15 05:06:30,93.0
bpm,2023-11-15 05:16:59,76.0
bpm,2023-11-15 05:17:03,86.0
bpm,2023-11-15 05:33:19,75.0
bpm,2023-11-15 05:33:20,74.0
bpm,2023-11-15 05:33:22,77.0
bpm,2023-11-15 05:54:10,68.0
bpm,2023-11-15 05:54:11,73.0
bpm,2023-11-15 05:54:14,69.0
bpm,2023-11-15 05:59:23,74.0
bpm,2023-11-15 05:59:24,77.0
bpm,2023-11-15 06:23:19,67.0
bpm,2023-11-15 06:23:31,72.0
bpm,2023-11-15 06:23:38,70.0
bpm,2023-11-15 06:28:49,63.0
bpm,2023-11-15 06:29:07,64.0
bpm,2023-11-15 06:29:09,67.0
bpm,2023-11-15 06:34:15,63.0
bpm,2023-11-15 06:38:32,63.0
bpm,2023-11-15 06:39:15,59.0
bpm,2023-11-15 06:43:32,59.0
bpm,2023-11-15 06:44:15,58.0
bpm,2023-11-15 06:48:32,58.0
bpm,2023-11-15 06:49:15,61.0
bpm,2023-11-15 06:53:32,61.0
bpm,2023-11-15 06:54:15,61.0
bpm,2023-11-15 06:58:32,61.0
bpm,2023-11-15 06:59:15,62.0
bpm,2023-11-15 07:03:32,62.0
bpm,2023-11-15 07:04:15,63.0
bpm,2023-11-15 07:08:32,63.0
bpm,2023-11-15 07:09:15,66.0
bpm,2023-11-15 07:13:32,66.0
bpm,2023-11-15 07:14:15,66.0
bpm,2023-11-15 07:18:32,66.0
bpm,2023-11-15 07:19:15,67.0
bpm,2023-11-15 07:23:32,67.0
bpm,2023-11-15 07:24:15,65.0
bpm,2023-11-15 07:28:32,65.0
bpm,2023-11-15 07:29:15,66.0
bpm,2023-11-15 07:33:32,66.0
bpm,2023-11-15 07:34:15,67.0
bpm,2023-11-15 07:38:32,67.0
bpm,2023-11-15 07:39:15,65.0
bpm,2023-11-15 07:43:32,65.0
bpm,2023-11-15 07:44:15,66.0
bpm,2023-11-15 07:48:32,66.0
bpm,2023-11-15 07:49:15,74.0
bpm,2023-11-15 07:53:32,74.0
bpm,2023-11-15 07:54:15,69.0
bpm,2023-11-15 07:58:32,69.0
bpm,2023-11-15 07:59:15,69.0
bpm,2023-11-15 08:03:32,69.0
bpm,2023-11-15 08:04:15,69.0
bpm,2023-11-15 08:08:32,69.0
bpm,2023-11-15 08:09:15,65.0
bpm,2023-11-15 08:13:32,65.0
bpm,2023-11-15 08:14:15,64.0
bpm,2023-11-15 08:18:32,64.0
bpm,2023-11-15 08:19:15,63.0
bpm,2023-11-15 08:23:32,63.0
bpm,2023-11-15 08:24:15,63.0
bpm,2023-11-15 08:28:32,63.0
bpm,2023-11-15 08:29:15,63.0
bpm,2023-11-15 08:33:32,63.0
bpm,2023-11-15 08:34:16,64.0
bpm,2023-11-15 08:38:32,64.0
bpm,2023-11-15 08:39:16,64.0
bpm,2023-11-15 08:43:32,64.0
bpm,2023-11-15 08:44:16,65.0
bpm,2023-11-15 08:48:32,65.0
bpm,2023-11-15 08:49:16,66.0
bpm,2023-11-15 08:53:32,66.0
bpm,2023-11-15 08:54:16,68.0
bpm,2023-11-15 08:58:32,68.0
bpm,2023-11-15 08:59:16,66.0
bpm,2023-11-15 09:03:32,66.0
bpm,2023-11-15 09:04:16,71.0
bpm,2023-11-15 09:08:32,71.0
bpm,2023-11-15 09:09:16,71.0
bpm,2023-11-15 09:13:32,71.0
bpm,2023-11-15 09:14:16,71.0
bpm,2023-11-15 09:18:32,71.0
bpm,2023-11-15 09:19:16,74.0
bpm,2023-11-15 09:23:32,74.0
bpm,2023-11-15 09:24:16,71.0
bpm,2023-11-15 09:28:32,71.0
bpm,2023-11-15 09:29:16,70.0
bpm,2023-11-15 09:33:32,70.0
bpm,2023-11-15 09:34:16,70.0
bpm,2023-11-15 09:38:32,70.0
bpm,2023-11-15 09:39:16,65.0
bpm,2023-11-15 09:43:32,65.0
bpm,2023-11-15 09:44:16,63.0
bpm,2023-11-15 09:48:32,63.0
bpm,2023-11-15 09:49:16,59.0
bpm,2023-11-15 09:53:32,59.0
bpm,2023-11-15 09:54:16,58.0
bpm,2023-11-15 09:58:32,58.0
bpm,2023-11-15 09:59:16,60.0
bpm,2023-11-15 10:03:32,60.0
bpm,2023-11-15 10:04:16,62.0
bpm,2023-11-15 10:08:32,62.0
bpm,2023-11-15 10:09:16,60.0
bpm,2023-11-15 10:13:32,60.0
bpm,2023-11-15 10:14:16,62.0
bpm,2023-11-15 10:18:32,62.0
bpm,2023-11-15 10:19:16,62.0
bpm,2023-11-15 10:23:32,62.0
bpm,2023-11-15 10:24:16,62.0
bpm,2023-11-15 10:28:32,62.0
bpm,2023-11-15 10:29:16,62.0
bpm,2023-11-15 10:33:32,62.0
bpm,2023-11-15 10:34:16,64.0
bpm,2023-11-15 10:38:32,64.0
bpm,2023-11-15 10:39:16,64.0
bpm,2023-11-15 10:43:32,64.0
bpm,2023-11-15 10:44:16,63.0
bpm,2023-11-15 10:48:32,63.0
bpm,2023-11-15 10:49:16,62.0
bpm,2023-11-15 10:53:32,62.0
bpm,2023-11-15 10:54:16,61.0
bpm,2023-11-15 10:58:32,61.0
bpm,2023-11-15 10:59:16,61.0
bpm,2023-11-15 11:03:32,61.0
bpm,2023-11-15 11:04:16,68.0
bpm,2023-11-15 11:08:32,68.0
bpm,2023-11-15 11:09:16,69.0
bpm,2023-11-15 11:13:32,69.0
bpm,2023-11-15 11:14:16,70.0
bpm,2023-11-15 11:18:32,70.0
bpm,2023-11-15 11:19:16,67.0
bpm,2023-11-15 11:23:32,67.0
bpm,2023-11-15 11:24:16,65.0
bpm,2023-11-15 11:28:32,65.0
bpm,2023-11-15 11:29:16,64.0
bpm,2023-11-15 11:33:32,64.0
bpm,2023-11-15 11:34:16,63.0
bpm,2023-11-15 11:38:32,63.0
bpm,2023-11-15 11:39:16,64.0
bpm,2023-11-15 11:43:32,64.0
bpm,2023-11-15 11:44:16,65.0
bpm,2023-11-15 11:48:32,65.0
bpm,2023-11-15 11:49:16,64.0
bpm,2023-11-15 11:53:32,64.0
bpm,2023-11-15 11:54:16,65.0
bpm,2023-11-15 11:58:32,65.0
bpm,2023-11-15 11:59:16,65.0
bpm,2023-11-15 12:03:32,65.0
bpm,2023-11-15 12:04:16,65.0
bpm,2023-11-15 12:08:32,65.0
bpm,2023-11-15 12:09:16,65.0
bpm,2023-11-15 12:13:32,65.0
bpm,2023-11-15 12:14:16,66.0
bpm,2023-11-15 12:18:32,66.0
bpm,2023-11-15 12:19:16,65.0
bpm,2023-11-15 12:23:32,65.0
bpm,2023-11-15 12:24:16,65.0
bpm,2023-11-15 12:28:32,65.0
bpm,2023-11-15 12:29:16,66.0
bpm,2023-11-15 12:33:32,66.0
bpm,2023-11-15 12:34:16,71.0
bpm,2023-11-15 12:38:32,71.0
bpm,2023-11-15 12:39:16,69.0
bpm,2023-11-15 12:43:32,69.0
bpm,2023-11-15 12:44:16,70.0
bpm,2023-11-15 12:48:32,70.0
bpm,2023-11-15 12:49:16,69.0
bpm,2023-11-15 12:53:32,69.0
bpm,2023-11-15 12:54:16,71.0
bpm,2023-11-15 12:58:32,71.0
bpm,2023-11-15 12:59:16,67.0
bpm,2023-11-15 13:02:33,66.0
bpm,2023-11-15 13:03:32,67.0
bpm,2023-11-15 13:07:33,65.0
bpm,2023-11-15 13:08:32,65.0
bpm,2023-11-15 13:12:33,64.0
bpm,2023-11-15 13:13:32,64.0
bpm,2023-11-15 13:17:33,65.0
bpm,2023-11-15 13:18:32,65.0
bpm,2023-11-15 13:22:33,62.0
bpm,2023-11-15 13:23:32,62.0
bpm,2023-11-15 13:27:33,67.0
bpm,2023-11-15 13:28:32,67.0
bpm,2023-11-15 14:11:45,86.0
bpm,2023-11-15 14:11:47,81.0
bpm,2023-11-15 14:11:54,84.0
bpm,2023-11-15 14:31:43,77.0
bpm,2023-11-15 14:31:46,76.0
bpm,2023-11-15 14:31:53,75.0
bpm,2023-11-15 14:41:45,88.0
bpm,2023-11-15 14:41:47,81.0
bpm,2023-11-15 14:41:48,95.0
bpm,2023-11-15 15:08:57,79.0
bpm,2023-11-15 15:09:10,86.0
bpm,2023-11-15 15:09:21,82.0
bpm,2023-11-15 15:23:43,76.0
bpm,2023-11-15 15:23:58,84.0
bpm,2023-11-15 15:24:04,79.0
bpm,2023-11-15 15:44:03,83.0
bpm,2023-11-15 15:44:05,86.0
bpm,2023-11-15 15:44:10,84.0
bpm,2023-11-15 15:53:51,80.0
bpm,2023-11-15 15:54:15,89.0
bpm,2023-11-15 15:54:26,76.0
bpm,2023-11-15 16:04:26,82.0
bpm,2023-11-15 16:04:31,88.0
bpm,2023-11-15 16:04:32,84.0
bpm,2023-11-15 16:24:19,80.0
bpm,2023-11-15 16:24:21,82.0
bpm,2023-11-15 17:04:50,92.0
bpm,2023-11-15 17:04:54,85.0
bpm,2023-11-15 17:04:58,79.0
bpm,2023-11-15 17:15:36,91.0
bpm,2023-11-15 17:16:09,99.0
bpm,2023-11-15 17:16:13,94.0
bpm,2023-11-15 17:26:09,86.0
bpm,2023-11-15 17:26:10,94.0
bpm,2023-11-15 17:26:11,89.0
bpm,2023-11-15 17:46:08,97.0
bpm,2023-11-15 17:46:31,91.0
bpm,2023-11-15 17:46:32,101.0
bpm,2023-11-15 18:16:35,88.0
bpm,2023-11-15 18:16:40,88.0
bpm,2023-11-15 18:16:51,91.0
bpm,2023-11-15 18:46:54,87.0
bpm,2023-11-15 18:47:02,134.0
bpm,2023-11-15 18:47:09,117.0
bpm,2023-11-15 19:06:55,85.0
bpm,2023-11-15 19:07:35,89.0
bpm,2023-11-15 19:17:08,79.0
bpm,2023-11-15 19:17:38,72.0
bpm,2023-11-15 19:17:41,76.0
bpm,2023-11-15 21:12:23,93.0
bpm,2023-11-15 21:12:25,96.0
bpm,2023-11-15 21:12:36,97.0
bpm,2023-11-15 21:22:55,92.0
bpm,2023-11-15 21:22:56,101.0
bpm,2023-11-15 22:23:36,88.0
bpm,2023-11-15 22:23:45,82.0
bpm,2023-11-15 22:23:49,85.0
bpm,2023-11-15 22:33:24,73.0
bpm,2023-11-15 22:33:25,82.0
bpm,2023-11-15 22:53:50,88.0
bpm,2023-11-15 22:53:52,76.0
bpm,2023-11-15 22:54:09,93.0
bpm,2023-11-15 23:14:02,84.0
bpm,2023-11-15 23:14:05,80.0
bpm,2023-11-15 23:14:12,89.0
bpm,2023-11-15 23:20:08,84.0
bpm,2023-11-15 23:20:13,87.0
bpm,2023-11-15 23:20:32,85.0
bpm,2023-11-15 23:25:57,87.0
bpm,2023-11-15 23:25:59,79.0
bpm,2023-11-15 23:26:01,82.0
bpm,2023-11-15 23:30:44,88.0
bpm,2023-11-15 23:30:49,76.0
bpm,2023-11-15 23:31:26,72.0
bpm,2023-11-15 23:36:01,77.0
bpm,2023-11-15 23:36:10,88.0
bpm,2023-11-15 23:36:17,83.0
bpm,2023-11-16 00:36:51,75.0
bpm,2023-11-16 00:36:53,72.0
bpm,2023-11-16 00:37:03,76.0
bpm,2023-11-16 00:46:55,76.0
bpm,2023-11-16 00:46:57,86.0
bpm,2023-11-16 00:46:58,80.0
bpm,2023-11-16 01:07:35,90.0
bpm,2023-11-16 01:07:40,89.0
bpm,2023-11-16 01:07:44,84.0
bpm,2023-11-16 01:17:14,73.0
bpm,2023-11-16 01:17:18,77.0
bpm,2023-11-16 01:17:27,75.0
bpm,2023-11-16 01:22:37,71.0
bpm,2023-11-16 01:22:45,74.0
bpm,2023-11-16 01:22:46,75.0
bpm,2023-11-16 01:27:49,88.0
bpm,2023-11-16 01:28:09,102.0
bpm,2023-11-16 01:32:59,72.0
bpm,2023-11-16 01:33:28,73.0
bpm,2023-11-16 01:33:32,74.0
bpm,2023-11-16 01:58:32,87.0
bpm,2023-11-16 01:58:36,84.0
bpm,2023-11-16 01:58:37,79.0
bpm,2023-11-16 02:37:58,82.0
bpm,2023-11-16 02:38:07,76.0
bpm,2023-11-16 02:38:27,74.0
bpm,2023-11-16 02:43:32,77.0
bpm,2023-11-16 02:44:01,73.0
bpm,2023-11-16 02:44:03,74.0
bpm,2023-11-16 02:49:39,65.0
bpm,2023-11-16 02:49:41,72.0
bpm,2023-11-16 02:49:42,78.0
bpm,2023-11-16 03:46:33,71.0
bpm,2023-11-16 03:46:37,74.0
bpm,2023-11-16 03:46:41,66.0
bpm,2023-11-16 04:01:55,87.0
bpm,2023-11-16 04:02:15,89.0
bpm,2023-11-16 04:07:27,84.0
bpm,2023-11-16 04:07:32,82.0
bpm,2023-11-16 04:07:38,86.0
bpm,2023-11-16 04:13:37,84.0
bpm,2023-11-16 04:14:00,82.0
bpm,2023-11-16 04:14:04,86.0
bpm,2023-11-16 04:18:48,90.0
bpm,2023-11-16 04:18:53,93.0
bpm,2023-11-16 04:19:05,81.0
bpm,2023-11-16 04:27:17,110.0
bpm,2023-11-16 04:27:21,101.0
bpm,2023-11-16 04:27:26,116.0
bpm,2023-11-16 04:37:43,102.0
bpm,2023-11-16 04:37:55,109.0
bpm,2023-11-16 04:38:04,96.0
bpm,2023-11-16 04:47:52,79.0
bpm,2023-11-16 04:47:54,82.0
bpm,2023-11-16 04:47:55,85.0
bpm,2023-11-16 04:52:55,87.0
bpm,2023-11-16 04:52:56,83.0
bpm,2023-11-16 04:53:21,79.0
bpm,2023-11-16 04:58:20,83.0
bpm,2023-11-16 04:58:31,80.0
bpm,2023-11-16 04:58:37,78.0
bpm,2023-11-16 05:08:30,78.0
bpm,2023-11-16 05:08:39,81.0
bpm,2023-11-16 05:08:42,83.0
bpm,2023-11-16 05:45:07,77.0
bpm,2023-11-16 05:45:16,74.0
bpm,2023-11-16 05:45:33,75.0
bpm,2023-11-16 05:50:50,73.0
bpm,2023-11-16 05:50:54,76.0
bpm,2023-11-16 05:51:10,75.0
bpm,2023-11-16 05:56:08,74.0
bpm,2023-11-16 05:56:24,72.0
bpm,2023-11-16 05:56:25,71.0
bpm,2023-11-16 05:58:17,66.0
bpm,2023-11-16 06:02:33,66.0
bpm,2023-11-16 06:03:17,67.0
bpm,2023-11-16 06:07:33,67.0
bpm,2023-11-16 06:08:17,65.0
bpm,2023-11-16 06:12:33,65.0
bpm,2023-11-16 06:13:17,67.0
bpm,2023-11-16 06:17:33,67.0
bpm,2023-11-16 06:18:17,69.0
bpm,2023-11-16 06:22:33,69.0
bpm,2023-11-16 06:23:17,69.0
bpm,2023-11-16 06:27:33,69.0
bpm,2023-11-16 06:28:17,70.0
bpm,2023-11-16 06:32:33,70.0
bpm,2023-11-16 06:33:17,71.0
bpm,2023-11-16 06:37:33,71.0
bpm,2023-11-16 06:38:17,71.0
bpm,2023-11-16 06:42:33,71.0
bpm,2023-11-16 06:43:17,72.0
bpm,2023-11-16 06:47:33,72.0
bpm,2023-11-16 06:48:17,74.0
bpm,2023-11-16 06:52:33,74.0
bpm,2023-11-16 06:53:17,72.0
bpm,2023-11-16 06:54:33,73.0
bpm,2023-11-16 06:57:33,72.0
bpm,2023-11-16 06:59:33,73.0
bpm,2023-11-16 07:02:33,73.0
bpm,2023-11-16 07:04:33,73.0
bpm,2023-11-16 07:07:33,73.0
bpm,2023-11-16 07:09:33,73.0
bpm,2023-11-16 07:12:33,73.0
bpm,2023-11-16 07:14:33,74.0
bpm,2023-11-16 07:17:33,74.0
bpm,2023-11-16 07:28:17,73.0
bpm,2023-11-16 07:32:33,73.0
bpm,2023-11-16 07:33:17,73.0
bpm,2023-11-16 07:37:33,73.0
bpm,2023-11-16 07:38:17,73.0
bpm,2023-11-16 07:42:33,73.0
bpm,2023-11-16 07:43:17,73.0
bpm,2023-11-16 07:47:33,73.0
bpm,2023-11-16 07:48:17,73.0
bpm,2023-11-16 07:52:33,73.0
bpm,2023-11-16 07:53:17,73.0
bpm,2023-11-16 07:57:33,73.0
bpm,2023-11-16 07:58:17,72.0
bpm,2023-11-16 08:02:33,72.0
bpm,2023-11-16 08:03:17,73.0
bpm,2023-11-16 08:07:33,73.0
bpm,2023-11-16 08:08:17,72.0
bpm,2023-11-16 08:12:33,72.0
bpm,2023-11-16 08:13:17,72.0
bpm,2023-11-16 08:17:33,72.0
bpm,2023-11-16 08:18:17,76.0
bpm,2023-11-16 08:22:33,76.0
bpm,2023-11-16 08:23:17,78.0
bpm,2023-11-16 08:27:33,78.0
bpm,2023-11-16 08:28:17,73.0
bpm,2023-11-16 08:32:33,73.0
bpm,2023-11-16 08:33:17,73.0
bpm,2023-11-16 08:37:33,73.0
bpm,2023-11-16 08:38:17,71.0
bpm,2023-11-16 08:42:33,71.0
bpm,2023-11-16 08:43:17,70.0
bpm,2023-11-16 08:47:33,70.0
bpm,2023-11-16 08:48:17,68.0
bpm,2023-11-16 08:52:33,68.0
bpm,2023-11-16 08:53:17,66.0
bpm,2023-11-16 08:57:33,66.0
bpm,2023-11-16 08:58:17,66.0
bpm,2023-11-16 09:02:33,66.0
bpm,2023-11-16 09:03:17,65.0
bpm,2023-11-16 09:07:33,65.0
bpm,2023-11-16 09:08:17,66.0
bpm,2023-11-16 09:12:33,66.0
bpm,2023-11-16 09:13:17,65.0
bpm,2023-11-16 09:17:33,65.0
bpm,2023-11-16 09:18:17,64.0
bpm,2023-11-16 09:22:33,64.0
bpm,2023-11-16 09:23:17,65.0
bpm,2023-11-16 09:27:33,65.0
bpm,2023-11-16 09:28:17,65.0
bpm,2023-11-16 09:32:33,65.0
bpm,2023-11-16 09:33:17,66.0
bpm,2023-11-16 09:37:33,66.0
bpm,2023-11-16 09:38:17,66.0
bpm,2023-11-16 09:42:33,66.0
bpm,2023-11-16 09:43:17,64.0
bpm,2023-11-16 09:47:33,64.0
bpm,2023-11-16 09:48:17,63.0
bpm,2023-11-16 09:52:33,63.0
bpm,2023-11-16 09:53:17,62.0
bpm,2023-11-16 09:57:33,62.0
bpm,2023-11-16 09:58:18,64.0
bpm,2023-11-16 10:02:33,64.0
bpm,2023-11-16 10:03:18,66.0
bpm,2023-11-16 10:07:33,66.0
bpm,2023-11-16 10:08:18,62.0
bpm,2023-11-16 10:12:33,62.0
bpm,2023-11-16 10:13:18,66.0
bpm,2023-11-16 10:17:33,66.0
bpm,2023-11-16 10:18:18,67.0
bpm,2023-11-16 10:22:33,67.0
bpm,2023-11-16 10:23:18,63.0
bpm,2023-11-16 10:27:33,63.0
bpm,2023-11-16 10:28:17,59.0
bpm,2023-11-16 10:32:33,59.0
bpm,2023-11-16 10:33:17,59.0
bpm,2023-11-16 10:37:33,59.0
bpm,2023-11-16 10:38:17,60.0
bpm,2023-11-16 10:42:33,60.0
bpm,2023-11-16 10:43:17,60.0
bpm,2023-11-16 10:47:33,60.0
bpm,2023-11-16 10:48:17,56.0
bpm,2023-11-16 10:52:33,56.0
bpm,2023-11-16 10:53:17,54.0
bpm,2023-11-16 10:57:33,54.0
bpm,2023-11-16 10:58:17,55.0
bpm,2023-11-16 11:02:33,55.0
bpm,2023-11-16 11:03:17,55.0
bpm,2023-11-16 11:07:33,55.0
bpm,2023-11-16 11:08:17,56.0
bpm,2023-11-16 11:12:33,56.0
bpm,2023-11-16 11:13:17,57.0
bpm,2023-11-16 11:17:33,57.0
bpm,2023-11-16 11:18:17,57.0
bpm,2023-11-16 11:22:33,57.0
bpm,2023-11-16 11:23:17,64.0
bpm,2023-11-16 11:27:33,64.0
bpm,2023-11-16 11:28:18,68.0
bpm,2023-11-16 11:32:33,68.0
bpm,2023-11-16 11:33:18,67.0
bpm,2023-11-16 11:37:33,67.0
bpm,2023-11-16 11:38:18,65.0
bpm,2023-11-16 11:42:33,65.0
bpm,2023-11-16 11:43:18,67.0
bpm,2023-11-16 11:47:33,67.0
bpm,2023-11-16 11:48:18,66.0
bpm,2023-11-16 11:52:33,66.0
bpm,2023-11-16 11:53:18,66.0
bpm,2023-11-16 11:57:33,66.0
bpm,2023-11-16 11:58:17,64.0
bpm,2023-11-16 12:02:33,64.0
bpm,2023-11-16 12:03:17,66.0
bpm,2023-11-16 12:07:33,66.0
bpm,2023-11-16 12:08:17,63.0
bpm,2023-11-16 12:12:33,63.0
bpm,2023-11-16 12:13:17,62.0
bpm,2023-11-16 12:17:33,62.0
bpm,2023-11-16 12:18:17,62.0
bpm,2023-11-16 12:22:33,62.0
bpm,2023-11-16 12:23:17,62.0
bpm,2023-11-16 12:27:33,62.0
bpm,2023-11-16 12:28:17,62.0
bpm,2023-11-16 12:32:33,62.0
bpm,2023-11-16 12:33:17,64.0
bpm,2023-11-16 12:37:33,64.0
bpm,2023-11-16 12:38:17,63.0
bpm,2023-11-16 12:42:33,63.0
bpm,2023-11-16 12:43:17,64.0
bpm,2023-11-16 12:47:33,64.0
bpm,2023-11-16 12:48:17,64.0
bpm,2023-11-16 12:52:33,64.0
bpm,2023-11-16 12:53:17,64.0
bpm,2023-11-16 12:57:33,64.0
bpm,2023-11-16 12:58:18,64.0
bpm,2023-11-16 13:02:33,64.0
bpm,2023-11-16 13:03:18,66.0
bpm,2023-11-16 13:07:33,66.0
bpm,2023-11-16 13:08:18,64.0
bpm,2023-11-16 13:12:33,64.0
bpm,2023-11-16 13:13:18,64.0
bpm,2023-11-16 13:17:33,64.0
bpm,2023-11-16 13:18:18,66.0
bpm,2023-11-16 13:22:33,66.0
bpm,2023-11-16 13:23:18,67.0
bpm,2023-11-16 13:27:33,67.0
bpm,2023-11-16 13:28:18,66.0
bpm,2023-11-16 13:32:33,66.0
bpm,2023-11-16 13:33:18,64.0
bpm,2023-11-16 13:37:33,64.0
bpm,2023-11-16 13:38:18,63.0
bpm,2023-11-16 13:42:33,63.0
bpm,2023-11-16 13:43:18,64.0
bpm,2023-11-16 13:47:33,64.0
bpm,2023-11-16 13:48:18,61.0
bpm,2023-11-16 13:52:33,61.0
bpm,2023-11-16 13:53:18,60.0
bpm,2023-11-16 13:57:33,60.0
bpm,2023-11-16 13:57:34,60.0
bpm,2023-11-16 14:02:33,60.0
bpm,2023-11-16 14:02:34,60.0
bpm,2023-11-16 14:07:33,60.0
bpm,2023-11-16 14:07:34,60.0
bpm,2023-11-16 14:12:33,60.0
bpm,2023-11-16 14:17:34,63.0
bpm,2023-11-16 14:22:33,63.0
bpm,2023-11-16 14:28:18,58.0
bpm,2023-11-16 14:32:33,58.0
bpm,2023-11-16 14:33:18,59.0
bpm,2023-11-16 14:37:33,59.0
bpm,2023-11-16 14:38:18,61.0
bpm,2023-11-16 14:42:33,61.0
bpm,2023-11-16 14:43:18,60.0
bpm,2023-11-16 14:47:33,60.0
bpm,2023-11-16 14:48:18,63.0
bpm,2023-11-16 14:52:33,63.0
bpm,2023-11-16 14:53:18,60.0
bpm,2023-11-16 14:57:33,60.0
bpm,2023-11-16 15:08:18,58.0
bpm,2023-11-16 15:12:33,58.0
bpm,2023-11-16 15:13:18,58.0
bpm,2023-11-16 15:17:33,58.0
bpm,2023-11-16 15:18:18,56.0
bpm,2023-11-16 15:22:33,56.0
bpm,2023-11-16 15:23:18,56.0
bpm,2023-11-16 15:27:33,56.0
bpm,2023-11-16 15:27:34,58.0
bpm,2023-11-16 15:32:34,60.0
bpm,2023-11-16 15:37:34,61.0
bpm,2023-11-16 15:42:34,62.0
bpm,2023-11-16 15:47:34,62.0
bpm,2023-11-16 15:52:34,62.0
bpm,2023-11-16 16:09:53,80.0
bpm,2023-11-16 16:10:00,77.0
bpm,2023-11-16 16:10:14,87.0
bpm,2023-11-16 16:15:18,70.0
bpm,2023-11-16 16:15:33,73.0
bpm,2023-11-16 16:15:39,76.0
bpm,2023-11-16 16:20:48,83.0
bpm,2023-11-16 16:20:52,80.0
bpm,2023-11-16 16:21:07,75.0
bpm,2023-11-16 16:36:42,70.0
bpm,2023-11-16 16:36:47,67.0
bpm,2023-11-16 16:37:04,65.0
bpm,2023-11-16 16:43:13,68.0
bpm,2023-11-16 16:43:14,64.0
bpm,2023-11-16 16:43:15,68.0
bpm,2023-11-16 16:48:05,72.0
bpm,2023-11-16 16:48:23,76.0
bpm,2023-11-16 16:48:26,77.0
bpm,2023-11-16 16:53:14,82.0
bpm,2023-11-16 16:53:22,74.0
bpm,2023-11-16 16:53:42,78.0
bpm,2023-11-16 16:58:21,68.0
bpm,2023-11-16 16:58:39,72.0
bpm,2023-11-16 16:58:41,69.0
bpm,2023-11-16 17:23:52,75.0
bpm,2023-11-16 17:24:12,79.0
bpm,2023-11-16 17:24:18,82.0
bpm,2023-11-16 17:30:59,76.0
bpm,2023-11-16 17:31:30,79.0
bpm,2023-11-16 17:31:34,82.0
bpm,2023-11-16 17:36:31,77.0
bpm,2023-11-16 17:36:44,79.0
bpm,2023-11-16 17:36:47,75.0
bpm,2023-11-16 17:46:33,74.0
bpm,2023-11-16 17:46:42,73.0
bpm,2023-11-16 17:46:44,76.0
bpm,2023-11-16 18:26:46,94.0
bpm,2023-11-16 18:26:55,101.0
bpm,2023-11-16 18:26:58,96.0
bpm,2023-11-16 19:02:37,97.0
bpm,2023-11-16 19:02:40,103.0
bpm,2023-11-16 19:02:45,101.0
bpm,2023-11-16 19:11:38,112.0
bpm,2023-11-16 19:11:59,102.0
bpm,2023-11-16 19:12:00,107.0
bpm,2023-11-16 19:17:06,96.0
bpm,2023-11-16 19:17:07,87.0
bpm,2023-11-16 19:17:18,101.0
bpm,2023-11-16 19:22:15,107.0
bpm,2023-11-16 19:22:18,97.0
bpm,2023-11-16 19:29:47,97.0
bpm,2023-11-16 19:29:57,92.0
bpm,2023-11-16 19:30:08,111.0
bpm,2023-11-16 19:39:39,107.0
bpm,2023-11-16 19:39:42,95.0
bpm,2023-11-16 19:40:05,103.0
bpm,2023-11-16 19:47:25,94.0
bpm,2023-11-16 19:47:27,89.0
bpm,2023-11-16 19:47:32,91.0
bpm,2023-11-16 19:57:40,75.0
bpm,2023-11-16 19:57:41,77.0
bpm,2023-11-16 20:07:37,93.0
bpm,2023-11-16 20:07:38,84.0
bpm,2023-11-16 20:07:41,82.0
bpm,2023-11-16 20:17:15,83.0
bpm,2023-11-16 20:17:24,92.0
bpm,2023-11-16 20:17:25,89.0
bpm,2023-11-16 20:27:24,78.0
bpm,2023-11-16 20:27:26,86.0
bpm,2023-11-16 20:27:47,98.0
bpm,2023-11-16 20:43:24,94.0
bpm,2023-11-16 20:43:28,97.0
bpm,2023-11-16 20:43:33,99.0
bpm,2023-11-16 20:52:06,73.0
bpm,2023-11-16 20:52:14,78.0
bpm,2023-11-16 20:52:16,83.0
bpm,2023-11-16 21:06:46,83.0
bpm,2023-11-16 21:06:47,80.0
bpm,2023-11-16 21:06:50,87.0
bpm,2023-11-16 21:19:34,77.0
bpm,2023-11-16 21:19:36,72.0
bpm,2023-11-16 21:19:38,79.0
bpm,2023-11-16 21:59:33,94.0
bpm,2023-11-16 21:59:34,87.0
bpm,2023-11-16 21:59:43,92.0
bpm,2023-11-16 22:29:59,85.0
bpm,2023-11-16 22:30:01,83.0
bpm,2023-11-16 22:30:06,91.0
bpm,2023-11-16 22:39:58,93.0
bpm,2023-11-16 22:40:02,96.0
bpm,2023-11-16 22:40:05,90.0
bpm,2023-11-16 22:50:40,89.0
bpm,2023-11-16 22:50:43,92.0
bpm,2023-11-16 23:00:21,92.0
bpm,2023-11-16 23:00:23,89.0
bpm,2023-11-16 23:00:55,95.0
bpm,2023-11-16 23:10:54,99.0
bpm,2023-11-16 23:10:55,97.0
bpm,2023-11-16 23:10:57,103.0
bpm,2023-11-16 23:20:45,100.0
bpm,2023-11-16 23:20:47,105.0
bpm,2023-11-16 23:20:48,107.0
bpm,2023-11-16 23:30:39,108.0
bpm,2023-11-16 23:31:06,96.0
bpm,2023-11-16 23:31:13,103.0
bpm,2023-11-16 23:41:14,96.0
bpm,2023-11-16 23:41:17,100.0
bpm,2023-11-16 23:41:25,91.0
bpm,2023-11-16 23:51:20,93.0
bpm,2023-11-16 23:51:22,96.0
bpm,2023-11-17 00:00:58,102.0
bpm,2023-11-17 00:01:16,96.0
bpm,2023-11-17 00:01:20,99.0
bpm,2023-11-17 00:11:13,94.0
bpm,2023-11-17 00:11:16,106.0
bpm,2023-11-17 00:11:20,99.0
bpm,2023-11-17 00:31:29,95.0
bpm,2023-11-17 00:31:45,90.0
bpm,2023-11-17 00:31:54,100.0
bpm,2023-11-17 00:41:50,112.0
bpm,2023-11-17 00:42:04,104.0
bpm,2023-11-17 00:42:07,99.0
bpm,2023-11-17 01:12:06,84.0
bpm,2023-11-17 01:12:08,88.0
bpm,2023-11-17 01:12:10,95.0
bpm,2023-11-17 01:42:21,86.0
bpm,2023-11-17 01:42:33,82.0
bpm,2023-11-17 01:42:54,77.0
bpm,2023-11-17 02:25:58,111.0
bpm,2023-11-17 02:26:26,105.0
bpm,2023-11-17 02:26:28,107.0
bpm,2023-11-17 02:42:19,80.0
bpm,2023-11-17 02:42:22,83.0
bpm,2023-11-17 02:42:35,85.0
bpm,2023-11-17 02:47:16,82.0
bpm,2023-11-17 02:47:24,86.0
bpm,2023-11-17 02:47:33,84.0
bpm,2023-11-17 02:52:24,83.0
bpm,2023-11-17 02:52:47,79.0
bpm,2023-11-17 02:53:01,87.0
bpm,2023-11-17 02:57:35,86.0
bpm,2023-11-17 02:57:52,83.0
bpm,2023-11-17 02:57:56,79.0
bpm,2023-11-17 03:03:09,75.0
bpm,2023-11-17 03:03:14,93.0
bpm,2023-11-17 03:03:15,80.0
bpm,2023-11-17 05:20:15,74.0
bpm,2023-11-17 05:20:22,72.0
bpm,2023-11-17 05:20:26,75.0
bpm,2023-11-17 05:30:31,76.0
bpm,2023-11-17 05:30:52,75.0
bpm,2023-11-17 05:30:54,77.0
bpm,2023-11-17 05:35:42,78.0
bpm,2023-11-17 05:35:45,74.0
bpm,2023-11-17 05:35:48,71.0
bpm,2023-11-17 05:41:24,75.0
bpm,2023-11-17 05:41:28,74.0
bpm,2023-11-17 05:50:23,72.0
bpm,2023-11-17 05:50:37,76.0
bpm,2023-11-17 05:50:38,75.0
bpm,2023-11-17 05:55:43,80.0
bpm,2023-11-17 05:55:53,73.0
bpm,2023-11-17 05:56:07,72.0
bpm,2023-11-17 06:00:57,72.0
bpm,2023-11-17 06:01:04,71.0
bpm,2023-11-17 06:01:12,68.0
bpm,2023-11-17 06:05:53,70.0
bpm,2023-11-17 06:06:18,72.0
bpm,2023-11-17 06:06:20,69.0
bpm,2023-11-17 06:11:07,68.0
bpm,2023-11-17 06:11:29,67.0
bpm,2023-11-17 06:11:40,70.0
bpm,2023-11-17 06:12:15,68.0
bpm,2023-11-17 06:15:30,68.0
bpm,2023-11-17 06:15:31,68.0
bpm,2023-11-17 06:17:15,67.0
bpm,2023-11-17 06:20:30,67.0
bpm,2023-11-17 06:20:31,67.0
bpm,2023-11-17 06:22:15,67.0
bpm,2023-11-17 06:25:30,67.0
bpm,2023-11-17 06:25:31,67.0
bpm,2023-11-17 06:27:15,66.0
bpm,2023-11-17 06:30:30,66.0
bpm,2023-11-17 06:30:31,66.0
bpm,2023-11-17 06:32:15,66.0
bpm,2023-11-17 06:35:30,66.0
bpm,2023-11-17 06:35:31,66.0
bpm,2023-11-17 06:37:15,66.0
bpm,2023-11-17 06:40:30,66.0
bpm,2023-11-17 06:40:31,66.0
bpm,2023-11-17 06:42:15,66.0
bpm,2023-11-17 06:45:30,66.0
bpm,2023-11-17 06:45:31,66.0
bpm,2023-11-17 06:47:15,66.0
bpm,2023-11-17 06:50:30,66.0
bpm,2023-11-17 06:50:31,66.0
bpm,2023-11-17 06:52:15,67.0
bpm,2023-11-17 06:55:30,67.0
bpm,2023-11-17 06:55:31,67.0
bpm,2023-11-17 06:57:15,69.0
bpm,2023-11-17 07:00:30,69.0
bpm,2023-11-17 07:00:31,69.0
bpm,2023-11-17 07:02:15,69.0
bpm,2023-11-17 07:05:30,69.0
bpm,2023-11-17 07:05:31,69.0
bpm,2023-11-17 07:07:15,68.0
bpm,2023-11-17 07:10:30,68.0
bpm,2023-11-17 07:10:31,68.0
bpm,2023-11-17 07:12:15,69.0
bpm,2023-11-17 07:15:30,69.0
bpm,2023-11-17 07:15:31,69.0
bpm,2023-11-17 07:17:15,67.0
bpm,2023-11-17 07:20:30,67.0
bpm,2023-11-17 07:20:31,67.0
bpm,2023-11-17 07:22:15,63.0
bpm,2023-11-17 07:25:30,63.0
bpm,2023-11-17 07:25:31,63.0
bpm,2023-11-17 07:27:15,66.0
bpm,2023-11-17 07:30:30,66.0
bpm,2023-11-17 07:30:31,66.0
bpm,2023-11-17 07:32:15,65.0
bpm,2023-11-17 07:35:30,65.0
bpm,2023-11-17 07:35:31,65.0
bpm,2023-11-17 07:37:15,64.0
bpm,2023-11-17 07:40:30,64.0
bpm,2023-11-17 07:40:31,64.0
bpm,2023-11-17 07:42:15,64.0
bpm,2023-11-17 07:45:30,64.0
bpm,2023-11-17 07:45:31,64.0
bpm,2023-11-17 07:47:15,62.0
bpm,2023-11-17 07:50:30,62.0
bpm,2023-11-17 07:50:31,62.0
bpm,2023-11-17 07:52:15,64.0
bpm,2023-11-17 07:55:30,64.0
bpm,2023-11-17 07:55:31,64.0
bpm,2023-11-17 07:57:15,66.0
bpm,2023-11-17 08:00:30,66.0
bpm,2023-11-17 08:00:31,66.0
bpm,2023-11-17 08:02:15,70.0
bpm,2023-11-17 08:05:30,70.0
bpm,2023-11-17 08:05:31,70.0
bpm,2023-11-17 08:07:15,71.0
bpm,2023-11-17 08:10:30,71.0
bpm,2023-11-17 08:10:31,71.0
bpm,2023-11-17 08:12:15,72.0
bpm,2023-11-17 08:15:30,72.0
bpm,2023-11-17 08:15:31,72.0
bpm,2023-11-17 08:17:15,64.0
bpm,2023-11-17 08:20:30,64.0
bpm,2023-11-17 08:20:31,64.0
bpm,2023-11-17 08:22:15,61.0
bpm,2023-11-17 08:25:30,61.0
bpm,2023-11-17 08:25:31,61.0
bpm,2023-11-17 08:27:15,61.0
bpm,2023-11-17 08:30:30,61.0
bpm,2023-11-17 08:30:31,61.0
bpm,2023-11-17 08:32:15,61.0
bpm,2023-11-17 08:35:30,61.0
bpm,2023-11-17 08:35:31,61.0
bpm,2023-11-17 08:37:15,59.0
bpm,2023-11-17 08:40:30,59.0
bpm,2023-11-17 08:40:31,59.0
bpm,2023-11-17 08:42:15,59.0
bpm,2023-11-17 08:45:30,59.0
bpm,2023-11-17 08:45:31,59.0
bpm,2023-11-17 08:47:15,57.0
bpm,2023-11-17 08:50:30,57.0
bpm,2023-11-17 08:50:31,57.0
bpm,2023-11-17 08:52:15,57.0
bpm,2023-11-17 08:55:30,57.0
bpm,2023-11-17 08:55:31,57.0
bpm,2023-11-17 08:57:15,58.0
bpm,2023-11-17 09:00:30,58.0
bpm,2023-11-17 09:00:31,58.0
bpm,2023-11-17 09:02:15,58.0
bpm,2023-11-17 09:05:30,58.0
bpm,2023-11-17 09:05:31,58.0
bpm,2023-11-17 09:07:15,58.0
bpm,2023-11-17 09:10:30,58.0
bpm,2023-11-17 09:10:31,58.0
bpm,2023-11-17 09:12:15,59.0
bpm,2023-11-17 09:15:30,59.0
bpm,2023-11-17 09:15:31,59.0
bpm,2023-11-17 09:17:15,59.0
bpm,2023-11-17 09:20:30,59.0
bpm,2023-11-17 09:20:31,59.0
bpm,2023-11-17 09:22:15,60.0
bpm,2023-11-17 09:25:30,60.0
bpm,2023-11-17 09:25:31,60.0
bpm,2023-11-17 09:27:15,59.0
bpm,2023-11-17 09:30:30,59.0
bpm,2023-11-17 09:30:31,59.0
bpm,2023-11-17 09:32:15,60.0
bpm,2023-11-17 09:35:30,60.0
bpm,2023-11-17 09:35:31,60.0
bpm,2023-11-17 09:37:15,60.0
bpm,2023-11-17 09:39:32,59.0
bpm,2023-11-17 09:40:30,60.0
bpm,2023-11-17 09:40:31,60.0
bpm,2023-11-17 09:44:32,62.0
bpm,2023-11-17 09:45:30,62.0
bpm,2023-11-17 09:45:31,62.0
bpm,2023-11-17 09:49:32,65.0
bpm,2023-11-17 09:50:30,65.0
bpm,2023-11-17 09:50:31,65.0
bpm,2023-11-17 09:54:32,65.0
bpm,2023-11-17 09:55:30,65.0
bpm,2023-11-17 09:55:31,65.0
bpm,2023-11-17 09:59:32,65.0
bpm,2023-11-17 10:00:30,65.0
bpm,2023-11-17 10:00:31,65.0
bpm,2023-11-17 10:04:32,66.0
bpm,2023-11-17 10:05:30,66.0
bpm,2023-11-17 10:05:31,66.0
bpm,2023-11-17 10:17:15,60.0
bpm,2023-11-17 10:20:30,60.0
bpm,2023-11-17 10:20:31,60.0
bpm,2023-11-17 10:22:15,60.0
bpm,2023-11-17 10:25:30,60.0
bpm,2023-11-17 10:25:31,60.0
bpm,2023-11-17 10:27:15,62.0
bpm,2023-11-17 10:30:30,62.0
bpm,2023-11-17 10:30:31,62.0
bpm,2023-11-17 10:32:15,61.0
bpm,2023-11-17 10:35:30,61.0
bpm,2023-11-17 10:35:31,61.0
bpm,2023-11-17 10:37:15,59.0
bpm,2023-11-17 10:40:30,59.0
bpm,2023-11-17 10:40:31,59.0
bpm,2023-11-17 10:42:15,62.0
bpm,2023-11-17 10:45:30,62.0
bpm,2023-11-17 10:45:31,62.0
bpm,2023-11-17 10:47:15,63.0
bpm,2023-11-17 10:50:30,63.0
bpm,2023-11-17 10:50:31,63.0
bpm,2023-11-17 10:52:15,64.0
bpm,2023-11-17 10:55:30,64.0
bpm,2023-11-17 10:55:31,64.0
bpm,2023-11-17 10:57:15,65.0
bpm,2023-11-17 11:00:30,65.0
bpm,2023-11-17 11:00:31,65.0
bpm,2023-11-17 11:02:15,62.0
bpm,2023-11-17 11:05:30,62.0
bpm,2023-11-17 11:05:31,62.0
bpm,2023-11-17 11:07:15,62.0
bpm,2023-11-17 11:10:30,62.0
bpm,2023-11-17 11:10:31,62.0
bpm,2023-11-17 11:12:15,62.0
bpm,2023-11-17 11:15:30,62.0
bpm,2023-11-17 11:15:31,62.0
bpm,2023-11-17 11:17:15,62.0
bpm,2023-11-17 11:20:30,62.0
bpm,2023-11-17 11:20:31,62.0
bpm,2023-11-17 11:22:15,63.0
bpm,2023-11-17 11:25:30,63.0
bpm,2023-11-17 11:25:31,63.0
bpm,2023-11-17 11:27:15,63.0
bpm,2023-11-17 11:30:30,63.0
bpm,2023-11-17 11:30:31,63.0
bpm,2023-11-17 11:32:15,64.0
bpm,2023-11-17 11:35:30,64.0
bpm,2023-11-17 11:35:31,64.0
bpm,2023-11-17 11:37:15,71.0
bpm,2023-11-17 11:40:30,71.0
bpm,2023-11-17 11:40:31,71.0
bpm,2023-11-17 11:42:15,73.0
bpm,2023-11-17 11:45:30,73.0
bpm,2023-11-17 11:45:31,73.0
bpm,2023-11-17 11:47:16,68.0
bpm,2023-11-17 11:50:30,68.0
bpm,2023-11-17 11:50:31,68.0
bpm,2023-11-17 11:52:16,66.0
bpm,2023-11-17 11:55:30,66.0
bpm,2023-11-17 11:55:31,66.0
bpm,2023-11-17 11:57:16,63.0
bpm,2023-11-17 12:00:30,63.0
bpm,2023-11-17 12:00:31,63.0
bpm,2023-11-17 12:02:16,62.0
bpm,2023-11-17 12:05:30,62.0
bpm,2023-11-17 12:05:31,62.0
bpm,2023-11-17 12:07:16,62.0
bpm,2023-11-17 12:10:30,62.0
bpm,2023-11-17 12:10:31,62.0
bpm,2023-11-17 12:12:16,62.0
bpm,2023-11-17 12:15:30,62.0
bpm,2023-11-17 12:15:31,62.0
bpm,2023-11-17 12:17:15,61.0
bpm,2023-11-17 12:20:30,61.0
bpm,2023-11-17 12:20:31,61.0
bpm,2023-11-17 12:22:15,61.0
bpm,2023-11-17 12:25:30,61.0
bpm,2023-11-17 12:25:31,61.0
bpm,2023-11-17 12:27:15,62.0
bpm,2023-11-17 12:30:30,62.0
bpm,2023-11-17 12:30:31,62.0
bpm,2023-11-17 12:32:15,60.0
bpm,2023-11-17 12:35:30,60.0
bpm,2023-11-17 12:35:31,60.0
bpm,2023-11-17 12:37:15,56.0
bpm,2023-11-17 12:40:30,56.0
bpm,2023-11-17 12:40:31,56.0
bpm,2023-11-17 12:42:15,57.0
bpm,2023-11-17 12:45:30,57.0
bpm,2023-11-17 12:45:31,57.0
bpm,2023-11-17 12:47:16,59.0
bpm,2023-11-17 12:50:30,59.0
bpm,2023-11-17 12:50:31,59.0
bpm,2023-11-17 12:52:16,56.0
bpm,2023-11-17 12:55:30,56.0
bpm,2023-11-17 12:55:31,56.0
bpm,2023-11-17 12:57:16,56.0
bpm,2023-11-17 13:00:30,56.0
bpm,2023-11-17 13:00:31,56.0
bpm,2023-11-17 13:02:16,58.0
bpm,2023-11-17 13:05:30,58.0
bpm,2023-11-17 13:05:31,58.0
bpm,2023-11-17 13:07:16,63.0
bpm,2023-11-17 13:10:30,63.0
bpm,2023-11-17 13:10:31,63.0
bpm,2023-11-17 13:12:16,68.0
bpm,2023-11-17 13:15:30,68.0
bpm,2023-11-17 13:15:31,68.0
bpm,2023-11-17 13:17:15,69.0
bpm,2023-11-17 13:20:30,69.0
bpm,2023-11-17 13:20:31,69.0
bpm,2023-11-17 13:22:15,67.0
bpm,2023-11-17 13:25:30,67.0
bpm,2023-11-17 13:25:31,67.0
bpm,2023-11-17 13:27:15,64.0
bpm,2023-11-17 13:30:30,64.0
bpm,2023-11-17 13:30:31,64.0
bpm,2023-11-17 13:32:15,67.0
bpm,2023-11-17 13:35:30,67.0
bpm,2023-11-17 13:35:31,67.0
bpm,2023-11-17 13:37:15,67.0
bpm,2023-11-17 13:40:30,67.0
bpm,2023-11-17 13:40:31,67.0
bpm,2023-11-17 13:42:15,61.0
bpm,2023-11-17 13:45:30,61.0
bpm,2023-11-17 13:45:31,61.0
bpm,2023-11-17 13:47:16,61.0
bpm,2023-11-17 13:50:30,61.0
bpm,2023-11-17 13:50:31,61.0
bpm,2023-11-17 13:52:16,60.0
bpm,2023-11-17 13:55:30,60.0
bpm,2023-11-17 13:55:31,60.0
bpm,2023-11-17 13:57:16,61.0
bpm,2023-11-17 14:00:30,61.0
bpm,2023-11-17 14:00:31,61.0
bpm,2023-11-17 14:02:16,61.0
bpm,2023-11-17 14:05:30,61.0
bpm,2023-11-17 14:05:31,61.0
bpm,2023-11-17 14:07:16,58.0
bpm,2023-11-17 14:10:30,58.0
bpm,2023-11-17 14:10:31,58.0
bpm,2023-11-17 14:12:16,59.0
bpm,2023-11-17 14:15:30,59.0
bpm,2023-11-17 14:15:31,59.0
bpm,2023-11-17 14:16:37,60.0
bpm,2023-11-17 14:20:30,60.0
bpm,2023-11-17 14:21:37,60.0
bpm,2023-11-17 14:25:30,60.0
bpm,2023-11-17 14:26:37,63.0
bpm,2023-11-17 14:30:30,63.0
bpm,2023-11-17 14:32:16,66.0
bpm,2023-11-17 14:35:30,66.0
bpm,2023-11-17 14:37:16,61.0
bpm,2023-11-17 14:40:30,61.0
bpm,2023-11-17 14:42:16,61.0
bpm,2023-11-17 14:45:30,61.0
bpm,2023-11-17 14:47:16,59.0
bpm,2023-11-17 14:50:30,59.0
bpm,2023-11-17 14:52:16,62.0
bpm,2023-11-17 14:55:30,62.0
bpm,2023-11-17 14:57:16,71.0
bpm,2023-11-17 15:00:30,71.0
bpm,2023-11-17 15:02:15,62.0
bpm,2023-11-17 15:05:30,62.0
bpm,2023-11-17 15:07:15,60.0
bpm,2023-11-17 15:10:30,60.0
bpm,2023-11-17 15:12:15,59.0
bpm,2023-11-17 15:15:30,59.0
bpm,2023-11-17 15:17:15,58.0
bpm,2023-11-17 15:20:30,58.0
bpm,2023-11-17 15:22:15,62.0
bpm,2023-11-17 15:25:30,62.0
bpm,2023-11-17 15:27:15,65.0
bpm,2023-11-17 15:27:51,67.0
bpm,2023-11-17 15:30:30,65.0
bpm,2023-11-17 15:32:51,70.0
bpm,2023-11-17 15:43:31,70.0
bpm,2023-11-17 16:26:15,80.0
bpm,2023-11-17 16:26:20,83.0
bpm,2023-11-17 16:26:39,85.0
bpm,2023-11-17 16:31:38,87.0
bpm,2023-11-17 16:31:39,85.0
bpm,2023-11-17 16:31:49,83.0
bpm,2023-11-17 16:36:48,90.0
bpm,2023-11-17 16:37:21,95.0
bpm,2023-11-17 16:37:26,99.0
bpm,2023-11-17 16:42:14,87.0
bpm,2023-11-17 16:42:16,85.0
bpm,2023-11-17 16:42:19,91.0
bpm,2023-11-17 16:48:29,95.0
bpm,2023-11-17 16:48:40,92.0
bpm,2023-11-17 16:48:44,77.0
bpm,2023-11-17 16:57:09,84.0
bpm,2023-11-17 16:57:10,86.0
bpm,2023-11-17 16:57:30,90.0
bpm,2023-11-17 17:04:45,104.0
bpm,2023-11-17 17:05:00,113.0
bpm,2023-11-17 17:15:05,103.0
bpm,2023-11-17 17:15:06,105.0
bpm,2023-11-17 17:15:07,101.0
bpm,2023-11-17 17:19:59,87.0
bpm,2023-11-17 17:20:00,86.0
bpm,2023-11-17 17:20:30,89.0
bpm,2023-11-17 17:25:07,91.0
bpm,2023-11-17 17:25:20,101.0
bpm,2023-11-17 17:31:03,99.0
bpm,2023-11-17 17:31:04,96.0
bpm,2023-11-17 17:35:43,86.0
bpm,2023-11-17 17:35:45,81.0
bpm,2023-11-17 17:35:48,84.0
bpm,2023-11-17 17:41:07,79.0
bpm,2023-11-17 17:41:11,83.0
bpm,2023-11-17 17:41:23,82.0
bpm,2023-11-17 17:46:01,85.0
bpm,2023-11-17 17:46:14,82.0
bpm,2023-11-17 17:46:18,90.0
bpm,2023-11-17 17:52:16,82.0
bpm,2023-11-17 17:52:22,79.0
bpm,2023-11-17 17:52:23,84.0
bpm,2023-11-17 18:02:51,74.0
bpm,2023-11-17 18:03:03,77.0
bpm,2023-11-17 18:03:07,79.0
bpm,2023-11-17 18:19:43,68.0
bpm,2023-11-17 18:19:44,67.0
bpm,2023-11-17 18:20:06,79.0
bpm,2023-11-17 18:24:57,82.0
bpm,2023-11-17 18:24:59,86.0
bpm,2023-11-17 18:25:09,71.0
bpm,2023-11-17 18:30:10,76.0
bpm,2023-11-17 18:30:18,68.0
bpm,2023-11-17 18:30:26,70.0
bpm,2023-11-17 18:35:14,80.0
bpm,2023-11-17 18:35:25,75.0
bpm,2023-11-17 18:35:28,77.0
bpm,2023-11-17 18:40:34,75.0
bpm,2023-11-17 18:40:35,66.0
bpm,2023-11-17 18:40:36,68.0
bpm,2023-11-17 18:50:19,71.0
bpm,2023-11-17 18:50:35,64.0
bpm,2023-11-17 18:50:36,67.0
bpm,2023-11-17 18:59:40,65.0
bpm,2023-11-17 18:59:50,64.0
bpm,2023-11-17 18:59:52,68.0
bpm,2023-11-17 19:04:45,70.0
bpm,2023-11-17 19:04:46,69.0
bpm,2023-11-17 19:04:48,67.0
bpm,2023-11-17 19:09:35,65.0
bpm,2023-11-17 19:10:01,77.0
bpm,2023-11-17 19:10:02,71.0
bpm,2023-11-17 19:15:22,68.0
bpm,2023-11-17 19:15:28,71.0
bpm,2023-11-17 19:15:29,63.0
bpm,2023-11-17 19:20:05,71.0
bpm,2023-11-17 19:20:09,89.0
bpm,2023-11-17 19:20:36,85.0
bpm,2023-11-17 19:56:10,92.0
bpm,2023-11-17 19:56:14,89.0
bpm,2023-11-17 19:56:17,95.0
bpm,2023-11-17 20:01:30,87.0
bpm,2023-11-17 20:01:53,78.0
bpm,2023-11-17 20:01:54,82.0
bpm,2023-11-17 20:07:06,74.0
bpm,2023-11-17 20:07:07,76.0
bpm,2023-11-17 20:07:14,81.0
bpm,2023-11-17 20:11:53,80.0
bpm,2023-11-17 20:12:00,79.0
bpm,2023-11-17 20:12:06,83.0
bpm,2023-11-17 20:14:32,82.0
bpm,2023-11-17 20:19:32,77.0
bpm,2023-11-17 20:24:32,75.0
bpm,2023-11-17 20:29:32,73.0
bpm,2023-11-17 20:34:32,73.0
bpm,2023-11-17 20:52:10,76.0
bpm,2023-11-17 20:52:16,73.0
bpm,2023-11-17 20:52:40,71.0
bpm,2023-11-17 20:57:21,75.0
bpm,2023-11-17 20:57:31,72.0
bpm,2023-11-17 20:57:43,77.0
bpm,2023-11-17 21:02:16,71.0
bpm,2023-11-17 21:07:16,72.0
bpm,2023-11-17 21:12:16,68.0
bpm,2023-11-17 21:17:16,66.0
bpm,2023-11-17 21:22:16,67.0
bpm,2023-11-17 21:27:16,65.0
bpm,2023-11-17 21:30:32,66.0
bpm,2023-11-17 21:35:32,65.0
bpm,2023-11-17 21:40:32,66.0
bpm,2023-11-17 21:45:32,66.0
bpm,2023-11-17 21:50:32,68.0
bpm,2023-11-17 22:17:16,68.0
bpm,2023-11-17 22:22:16,67.0
bpm,2023-11-17 22:27:16,68.0
bpm,2023-11-17 22:32:16,69.0
bpm,2023-11-17 22:37:16,69.0
bpm,2023-11-17 22:42:16,71.0
bpm,2023-11-17 23:41:26,84.0
bpm,2023-11-17 23:41:27,83.0
bpm,2023-11-17 23:41:35,80.0
bpm,2023-11-17 23:46:39,81.0
bpm,2023-11-17 23:46:57,83.0
bpm,2023-11-17 23:47:09,86.0
bpm,2023-11-17 23:47:32,82.0
