id,timezone_offset,type,unit,timestamp,start,end,value
,-28800,,stage,2023-11-12 06:20:03+00:00,2023-11-12 06:20:03+00:00,2023-11-12 06:25:03+00:00,4.0
,-28800,,stage,2023-11-12 06:25:03+00:00,2023-11-12 06:25:03+00:00,2023-11-12 06:30:03+00:00,4.0
,-28800,,stage,2023-11-12 06:30:03+00:00,2023-11-12 06:30:03+00:00,2023-11-12 06:35:03+00:00,4.0
,-28800,,stage,2023-11-12 06:35:03+00:00,2023-11-12 06:35:03+00:00,2023-11-12 06:40:03+00:00,4.0
,-28800,,stage,2023-11-12 06:40:03+00:00,2023-11-12 06:40:03+00:00,2023-11-12 06:45:03+00:00,2.0
,-28800,,stage,2023-11-12 06:45:03+00:00,2023-11-12 06:45:03+00:00,2023-11-12 06:50:03+00:00,2.0
,-28800,,stage,2023-11-12 06:50:03+00:00,2023-11-12 06:50:03+00:00,2023-11-12 06:55:03+00:00,2.0
,-28800,,stage,2023-11-12 06:55:03+00:00,2023-11-12 06:55:03+00:00,2023-11-12 07:00:03+00:00,1.0
,-28800,,stage,2023-11-12 07:00:03+00:00,2023-11-12 07:00:03+00:00,2023-11-12 07:05:03+00:00,1.0
,-28800,,stage,2023-11-12 07:05:03+00:00,2023-11-12 07:05:03+00:00,2023-11-12 07:10:03+00:00,1.0
,-28800,,stage,2023-11-12 07:10:03+00:00,2023-11-12 07:10:03+00:00,2023-11-12 07:15:03+00:00,1.0
,-28800,,stage,2023-11-12 07:15:03+00:00,2023-11-12 07:15:03+00:00,2023-11-12 07:20:03+00:00,1.0
,-28800,,stage,2023-11-12 07:20:03+00:00,2023-11-12 07:20:03+00:00,2023-11-12 07:25:03+00:00,1.0
,-28800,,stage,2023-11-12 07:25:03+00:00,2023-11-12 07:25:03+00:00,2023-11-12 07:30:03+00:00,1.0
,-28800,,stage,2023-11-12 07:30:03+00:00,2023-11-12 07:30:03+00:00,2023-11-12 07:35:03+00:00,2.0
,-28800,,stage,2023-11-12 07:35:03+00:00,2023-11-12 07:35:03+00:00,2023-11-12 07:40:03+00:00,1.0
,-28800,,stage,2023-11-12 07:40:03+00:00,2023-11-12 07:40:03+00:00,2023-11-12 07:45:03+00:00,1.0
,-28800,,stage,2023-11-12 07:45:03+00:00,2023-11-12 07:45:03+00:00,2023-11-12 07:50:03+00:00,1.0
,-28800,,stage,2023-11-12 07:50:03+00:00,2023-11-12 07:50:03+00:00,2023-11-12 07:55:03+00:00,3.0
,-28800,,stage,2023-11-12 07:55:03+00:00,2023-11-12 07:55:03+00:00,2023-11-12 08:00:03+00:00,4.0
,-28800,,stage,2023-11-12 08:00:03+00:00,2023-11-12 08:00:03+00:00,2023-11-12 08:05:03+00:00,2.0
,-28800,,stage,2023-11-12 08:05:03+00:00,2023-11-12 08:05:03+00:00,2023-11-12 08:10:03+00:00,2.0
,-28800,,stage,2023-11-12 08:10:03+00:00,2023-11-12 08:10:03+00:00,2023-11-12 08:15:03+00:00,2.0
,-28800,,stage,2023-11-12 08:15:03+00:00,2023-11-12 08:15:03+00:00,2023-11-12 08:20:03+00:00,2.0
,-28800,,stage,2023-11-12 08:20:03+00:00,2023-11-12 08:20:03+00:00,2023-11-12 08:25:03+00:00,1.0
,-28800,,stage,2023-11-12 08:25:03+00:00,2023-11-12 08:25:03+00:00,2023-11-12 08:30:03+00:00,1.0
,-28800,,stage,2023-11-12 08:30:03+00:00,2023-11-12 08:30:03+00:00,2023-11-12 08:35:03+00:00,1.0
,-28800,,stage,2023-11-12 08:35:03+00:00,2023-11-12 08:35:03+00:00,2023-11-12 08:40:03+00:00,1.0
,-28800,,stage,2023-11-12 08:40:03+00:00,2023-11-12 08:40:03+00:00,2023-11-12 08:45:03+00:00,1.0
,-28800,,stage,2023-11-12 08:45:03+00:00,2023-11-12 08:45:03+00:00,2023-11-12 08:50:03+00:00,1.0
,-28800,,stage,2023-11-12 08:50:03+00:00,2023-11-12 08:50:03+00:00,2023-11-12 08:55:03+00:00,1.0
,-28800,,stage,2023-11-12 08:55:03+00:00,2023-11-12 08:55:03+00:00,2023-11-12 09:00:03+00:00,2.0
,-28800,,stage,2023-11-12 09:00:03+00:00,2023-11-12 09:00:03+00:00,2023-11-12 09:05:03+00:00,2.0
,-28800,,stage,2023-11-12 09:05:03+00:00,2023-11-12 09:05:03+00:00,2023-11-12 09:10:03+00:00,2.0
,-28800,,stage,2023-11-12 09:10:03+00:00,2023-11-12 09:10:03+00:00,2023-11-12 09:15:03+00:00,2.0
,-28800,,stage,2023-11-12 09:15:03+00:00,2023-11-12 09:15:03+00:00,2023-11-12 09:20:03+00:00,2.0
,-28800,,stage,2023-11-12 09:20:03+00:00,2023-11-12 09:20:03+00:00,2023-11-12 09:25:03+00:00,2.0
,-28800,,stage,2023-11-12 09:25:03+00:00,2023-11-12 09:25:03+00:00,2023-11-12 09:30:03+00:00,3.0
,-28800,,stage,2023-11-12 09:30:03+00:00,2023-11-12 09:30:03+00:00,2023-11-12 09:35:03+00:00,4.0
,-28800,,stage,2023-11-12 09:35:03+00:00,2023-11-12 09:35:03+00:00,2023-11-12 09:40:03+00:00,3.0
,-28800,,stage,2023-11-12 09:40:03+00:00,2023-11-12 09:40:03+00:00,2023-11-12 09:45:03+00:00,3.0
,-28800,,stage,2023-11-12 09:45:03+00:00,2023-11-12 09:45:03+00:00,2023-11-12 09:50:03+00:00,3.0
,-28800,,stage,2023-11-12 09:50:03+00:00,2023-11-12 09:50:03+00:00,2023-11-12 09:55:03+00:00,2.0
,-28800,,stage,2023-11-12 09:55:03+00:00,2023-11-12 09:55:03+00:00,2023-11-12 10:00:03+00:00,2.0
,-28800,,stage,2023-11-12 10:00:03+00:00,2023-11-12 10:00:03+00:00,2023-11-12 10:05:03+00:00,2.0
,-28800,,stage,2023-11-12 10:05:03+00:00,2023-11-12 10:05:03+00:00,2023-11-12 10:10:03+00:00,2.0
,-28800,,stage,2023-11-12 10:10:03+00:00,2023-11-12 10:10:03+00:00,2023-11-12 10:15:03+00:00,1.0
,-28800,,stage,2023-11-12 10:15:03+00:00,2023-11-12 10:15:03+00:00,2023-11-12 10:20:03+00:00,2.0
,-28800,,stage,2023-11-12 10:20:03+00:00,2023-11-12 10:20:03+00:00,2023-11-12 10:25:03+00:00,2.0
,-28800,,stage,2023-11-12 10:25:03+00:00,2023-11-12 10:25:03+00:00,2023-11-12 10:30:03+00:00,2.0
,-28800,,stage,2023-11-12 10:30:03+00:00,2023-11-12 10:30:03+00:00,2023-11-12 10:35:03+00:00,1.0
,-28800,,stage,2023-11-12 10:35:03+00:00,2023-11-12 10:35:03+00:00,2023-11-12 10:40:03+00:00,2.0
,-28800,,stage,2023-11-12 10:40:03+00:00,2023-11-12 10:40:03+00:00,2023-11-12 10:45:03+00:00,2.0
,-28800,,stage,2023-11-12 10:45:03+00:00,2023-11-12 10:45:03+00:00,2023-11-12 10:50:03+00:00,2.0
,-28800,,stage,2023-11-12 10:50:03+00:00,2023-11-12 10:50:03+00:00,2023-11-12 10:55:03+00:00,2.0
,-28800,,stage,2023-11-12 10:55:03+00:00,2023-11-12 10:55:03+00:00,2023-11-12 11:00:03+00:00,2.0
,-28800,,stage,2023-11-12 11:00:03+00:00,2023-11-12 11:00:03+00:00,2023-11-12 11:05:03+00:00,2.0
,-28800,,stage,2023-11-12 11:05:03+00:00,2023-11-12 11:05:03+00:00,2023-11-12 11:10:03+00:00,2.0
,-28800,,stage,2023-11-12 11:10:03+00:00,2023-11-12 11:10:03+00:00,2023-11-12 11:15:03+00:00,3.0
,-28800,,stage,2023-11-12 11:15:03+00:00,2023-11-12 11:15:03+00:00,2023-11-12 11:20:03+00:00,3.0
,-28800,,stage,2023-11-12 11:20:03+00:00,2023-11-12 11:20:03+00:00,2023-11-12 11:25:03+00:00,3.0
,-28800,,stage,2023-11-12 11:25:03+00:00,2023-11-12 11:25:03+00:00,2023-11-12 11:30:03+00:00,3.0
,-28800,,stage,2023-11-12 11:30:03+00:00,2023-11-12 11:30:03+00:00,2023-11-12 11:35:03+00:00,3.0
,-28800,,stage,2023-11-12 11:35:03+00:00,2023-11-12 11:35:03+00:00,2023-11-12 11:40:03+00:00,2.0
,-28800,,stage,2023-11-12 11:40:03+00:00,2023-11-12 11:40:03+00:00,2023-11-12 11:45:03+00:00,2.0
,-28800,,stage,2023-11-12 11:45:03+00:00,2023-11-12 11:45:03+00:00,2023-11-12 11:50:03+00:00,2.0
,-28800,,stage,2023-11-12 11:50:03+00:00,2023-11-12 11:50:03+00:00,2023-11-12 11:55:03+00:00,2.0
,-28800,,stage,2023-11-12 11:55:03+00:00,2023-11-12 11:55:03+00:00,2023-11-12 12:00:03+00:00,2.0
,-28800,,stage,2023-11-12 12:00:03+00:00,2023-11-12 12:00:03+00:00,2023-11-12 12:05:03+00:00,2.0
,-28800,,stage,2023-11-12 12:05:03+00:00,2023-11-12 12:05:03+00:00,2023-11-12 12:10:03+00:00,2.0
,-28800,,stage,2023-11-12 12:10:03+00:00,2023-11-12 12:10:03+00:00,2023-11-12 12:15:03+00:00,2.0
,-28800,,stage,2023-11-12 12:15:03+00:00,2023-11-12 12:15:03+00:00,2023-11-12 12:20:03+00:00,2.0
,-28800,,stage,2023-11-12 12:20:03+00:00,2023-11-12 12:20:03+00:00,2023-11-12 12:25:03+00:00,2.0
,-28800,,stage,2023-11-12 12:25:03+00:00,2023-11-12 12:25:03+00:00,2023-11-12 12:30:03+00:00,2.0
,-28800,,stage,2023-11-12 12:30:03+00:00,2023-11-12 12:30:03+00:00,2023-11-12 12:35:03+00:00,2.0
,-28800,,stage,2023-11-12 12:35:03+00:00,2023-11-12 12:35:03+00:00,2023-11-12 12:40:03+00:00,3.0
,-28800,,stage,2023-11-12 12:40:03+00:00,2023-11-12 12:40:03+00:00,2023-11-12 12:45:03+00:00,3.0
,-28800,,stage,2023-11-12 12:45:03+00:00,2023-11-12 12:45:03+00:00,2023-11-12 12:50:03+00:00,2.0
,-28800,,stage,2023-11-12 12:50:03+00:00,2023-11-12 12:50:03+00:00,2023-11-12 12:55:03+00:00,2.0
,-28800,,stage,2023-11-12 12:55:03+00:00,2023-11-12 12:55:03+00:00,2023-11-12 13:00:03+00:00,2.0
,-28800,,stage,2023-11-12 13:00:03+00:00,2023-11-12 13:00:03+00:00,2023-11-12 13:05:03+00:00,2.0
,-28800,,stage,2023-11-12 13:05:03+00:00,2023-11-12 13:05:03+00:00,2023-11-12 13:10:03+00:00,2.0
,-28800,,stage,2023-11-12 13:10:03+00:00,2023-11-12 13:10:03+00:00,2023-11-12 13:15:03+00:00,2.0
,-28800,,stage,2023-11-12 13:15:03+00:00,2023-11-12 13:15:03+00:00,2023-11-12 13:20:03+00:00,2.0
,-28800,,stage,2023-11-12 13:20:03+00:00,2023-11-12 13:20:03+00:00,2023-11-12 13:25:03+00:00,2.0
,-28800,,stage,2023-11-12 13:25:03+00:00,2023-11-12 13:25:03+00:00,2023-11-12 13:30:03+00:00,2.0
,-28800,,stage,2023-11-12 13:30:03+00:00,2023-11-12 13:30:03+00:00,2023-11-12 13:35:03+00:00,2.0
,-28800,,stage,2023-11-12 13:35:03+00:00,2023-11-12 13:35:03+00:00,2023-11-12 13:40:03+00:00,2.0
,-28800,,stage,2023-11-12 13:40:03+00:00,2023-11-12 13:40:03+00:00,2023-11-12 13:45:03+00:00,3.0
,-28800,,stage,2023-11-12 13:45:03+00:00,2023-11-12 13:45:03+00:00,2023-11-12 13:50:03+00:00,3.0
,-28800,,stage,2023-11-12 13:50:03+00:00,2023-11-12 13:50:03+00:00,2023-11-12 13:55:03+00:00,3.0
,-28800,,stage,2023-11-12 13:55:03+00:00,2023-11-12 13:55:03+00:00,2023-11-12 14:00:03+00:00,3.0
,-28800,,stage,2023-11-12 14:00:03+00:00,2023-11-12 14:00:03+00:00,2023-11-12 14:05:03+00:00,3.0
,-28800,,stage,2023-11-12 14:05:03+00:00,2023-11-12 14:05:03+00:00,2023-11-12 14:10:03+00:00,3.0
,-28800,,stage,2023-11-12 14:10:03+00:00,2023-11-12 14:10:03+00:00,2023-11-12 14:15:03+00:00,3.0
,-28800,,stage,2023-11-12 14:15:03+00:00,2023-11-12 14:15:03+00:00,2023-11-12 14:20:03+00:00,3.0
,-28800,,stage,2023-11-12 14:20:03+00:00,2023-11-12 14:20:03+00:00,2023-11-12 14:25:03+00:00,2.0
,-28800,,stage,2023-11-12 14:25:03+00:00,2023-11-12 14:25:03+00:00,2023-11-12 14:30:03+00:00,2.0
,-28800,,stage,2023-11-12 14:30:03+00:00,2023-11-12 14:30:03+00:00,2023-11-12 14:35:03+00:00,2.0
,-28800,,stage,2023-11-12 14:35:03+00:00,2023-11-12 14:35:03+00:00,2023-11-12 14:40:03+00:00,2.0
,-28800,,stage,2023-11-12 14:40:03+00:00,2023-11-12 14:40:03+00:00,2023-11-12 14:45:03+00:00,2.0
,-28800,,stage,2023-11-12 14:45:03+00:00,2023-11-12 14:45:03+00:00,2023-11-12 14:50:03+00:00,2.0
,-28800,,stage,2023-11-12 14:50:03+00:00,2023-11-12 14:50:03+00:00,2023-11-12 14:55:03+00:00,2.0
,-28800,,stage,2023-11-12 14:55:03+00:00,2023-11-12 14:55:03+00:00,2023-11-12 15:00:03+00:00,2.0
,-28800,,stage,2023-11-12 15:00:03+00:00,2023-11-12 15:00:03+00:00,2023-11-12 15:05:03+00:00,2.0
,-28800,,stage,2023-11-12 15:05:03+00:00,2023-11-12 15:05:03+00:00,2023-11-12 15:10:03+00:00,2.0
,-28800,,stage,2023-11-12 15:10:03+00:00,2023-11-12 15:10:03+00:00,2023-11-12 15:15:03+00:00,2.0
,-28800,,stage,2023-11-12 15:15:03+00:00,2023-11-12 15:15:03+00:00,2023-11-12 15:20:03+00:00,3.0
,-28800,,stage,2023-11-12 15:20:03+00:00,2023-11-12 15:20:03+00:00,2023-11-12 15:25:03+00:00,2.0
,-28800,,stage,2023-11-12 15:25:03+00:00,2023-11-12 15:25:03+00:00,2023-11-12 15:30:03+00:00,3.0
,-28800,,stage,2023-11-12 15:30:03+00:00,2023-11-12 15:30:03+00:00,2023-11-12 15:35:03+00:00,3.0
,-28800,,stage,2023-11-12 15:35:03+00:00,2023-11-12 15:35:03+00:00,2023-11-12 15:40:03+00:00,3.0
,-28800,,stage,2023-11-12 15:40:03+00:00,2023-11-12 15:40:03+00:00,2023-11-12 15:45:03+00:00,3.0
,-28800,,stage,2023-11-13 06:06:29+00:00,2023-11-13 06:06:29+00:00,2023-11-13 06:11:29+00:00,4.0
,-28800,,stage,2023-11-13 06:06:30+00:00,2023-11-13 06:06:30+00:00,2023-11-13 06:11:30+00:00,4.0
,-28800,,stage,2023-11-13 06:11:29+00:00,2023-11-13 06:11:29+00:00,2023-11-13 06:16:29+00:00,4.0
,-28800,,stage,2023-11-13 06:11:30+00:00,2023-11-13 06:11:30+00:00,2023-11-13 06:16:30+00:00,4.0
,-28800,,stage,2023-11-13 06:16:29+00:00,2023-11-13 06:16:29+00:00,2023-11-13 06:21:29+00:00,4.0
,-28800,,stage,2023-11-13 06:16:30+00:00,2023-11-13 06:16:30+00:00,2023-11-13 06:21:30+00:00,4.0
,-28800,,stage,2023-11-13 06:21:29+00:00,2023-11-13 06:21:29+00:00,2023-11-13 06:26:29+00:00,4.0
,-28800,,stage,2023-11-13 06:21:30+00:00,2023-11-13 06:21:30+00:00,2023-11-13 06:26:30+00:00,4.0
,-28800,,stage,2023-11-13 06:26:29+00:00,2023-11-13 06:26:29+00:00,2023-11-13 06:31:29+00:00,2.0
,-28800,,stage,2023-11-13 06:26:30+00:00,2023-11-13 06:26:30+00:00,2023-11-13 06:31:30+00:00,4.0
,-28800,,stage,2023-11-13 06:31:29+00:00,2023-11-13 06:31:29+00:00,2023-11-13 06:36:29+00:00,4.0
,-28800,,stage,2023-11-13 06:31:30+00:00,2023-11-13 06:31:30+00:00,2023-11-13 06:36:30+00:00,4.0
,-28800,,stage,2023-11-13 06:36:29+00:00,2023-11-13 06:36:29+00:00,2023-11-13 06:41:29+00:00,2.0
,-28800,,stage,2023-11-13 06:36:30+00:00,2023-11-13 06:36:30+00:00,2023-11-13 06:41:30+00:00,2.0
,-28800,,stage,2023-11-13 06:41:29+00:00,2023-11-13 06:41:29+00:00,2023-11-13 06:46:29+00:00,2.0
,-28800,,stage,2023-11-13 06:41:30+00:00,2023-11-13 06:41:30+00:00,2023-11-13 06:46:30+00:00,2.0
,-28800,,stage,2023-11-13 06:46:29+00:00,2023-11-13 06:46:29+00:00,2023-11-13 06:51:29+00:00,2.0
,-28800,,stage,2023-11-13 06:46:30+00:00,2023-11-13 06:46:30+00:00,2023-11-13 06:51:30+00:00,1.0
,-28800,,stage,2023-11-13 06:51:29+00:00,2023-11-13 06:51:29+00:00,2023-11-13 06:56:29+00:00,1.0
,-28800,,stage,2023-11-13 06:51:30+00:00,2023-11-13 06:51:30+00:00,2023-11-13 06:56:30+00:00,1.0
,-28800,,stage,2023-11-13 06:56:29+00:00,2023-11-13 06:56:29+00:00,2023-11-13 07:01:29+00:00,1.0
,-28800,,stage,2023-11-13 06:56:30+00:00,2023-11-13 06:56:30+00:00,2023-11-13 07:01:30+00:00,1.0
,-28800,,stage,2023-11-13 07:01:29+00:00,2023-11-13 07:01:29+00:00,2023-11-13 07:06:29+00:00,1.0
,-28800,,stage,2023-11-13 07:01:30+00:00,2023-11-13 07:01:30+00:00,2023-11-13 07:06:30+00:00,1.0
,-28800,,stage,2023-11-13 07:06:29+00:00,2023-11-13 07:06:29+00:00,2023-11-13 07:11:29+00:00,1.0
,-28800,,stage,2023-11-13 07:06:30+00:00,2023-11-13 07:06:30+00:00,2023-11-13 07:11:30+00:00,1.0
,-28800,,stage,2023-11-13 07:11:29+00:00,2023-11-13 07:11:29+00:00,2023-11-13 07:16:29+00:00,2.0
,-28800,,stage,2023-11-13 07:11:30+00:00,2023-11-13 07:11:30+00:00,2023-11-13 07:16:30+00:00,2.0
,-28800,,stage,2023-11-13 07:16:29+00:00,2023-11-13 07:16:29+00:00,2023-11-13 07:21:29+00:00,2.0
,-28800,,stage,2023-11-13 07:16:30+00:00,2023-11-13 07:16:30+00:00,2023-11-13 07:21:30+00:00,2.0
,-28800,,stage,2023-11-13 07:21:29+00:00,2023-11-13 07:21:29+00:00,2023-11-13 07:26:29+00:00,1.0
,-28800,,stage,2023-11-13 07:21:30+00:00,2023-11-13 07:21:30+00:00,2023-11-13 07:26:30+00:00,1.0
,-28800,,stage,2023-11-13 07:26:29+00:00,2023-11-13 07:26:29+00:00,2023-11-13 07:31:29+00:00,1.0
,-28800,,stage,2023-11-13 07:26:30+00:00,2023-11-13 07:26:30+00:00,2023-11-13 07:31:30+00:00,1.0
,-28800,,stage,2023-11-13 07:31:29+00:00,2023-11-13 07:31:29+00:00,2023-11-13 07:36:29+00:00,1.0
,-28800,,stage,2023-11-13 07:31:30+00:00,2023-11-13 07:31:30+00:00,2023-11-13 07:36:30+00:00,1.0
,-28800,,stage,2023-11-13 07:36:29+00:00,2023-11-13 07:36:29+00:00,2023-11-13 07:41:29+00:00,1.0
,-28800,,stage,2023-11-13 07:36:30+00:00,2023-11-13 07:36:30+00:00,2023-11-13 07:41:30+00:00,1.0
,-28800,,stage,2023-11-13 07:41:29+00:00,2023-11-13 07:41:29+00:00,2023-11-13 07:46:29+00:00,2.0
,-28800,,stage,2023-11-13 07:41:30+00:00,2023-11-13 07:41:30+00:00,2023-11-13 07:46:30+00:00,2.0
,-28800,,stage,2023-11-13 07:46:29+00:00,2023-11-13 07:46:29+00:00,2023-11-13 07:51:29+00:00,1.0
,-28800,,stage,2023-11-13 07:46:30+00:00,2023-11-13 07:46:30+00:00,2023-11-13 07:51:30+00:00,1.0
,-28800,,stage,2023-11-13 07:51:29+00:00,2023-11-13 07:51:29+00:00,2023-11-13 07:56:29+00:00,2.0
,-28800,,stage,2023-11-13 07:51:30+00:00,2023-11-13 07:51:30+00:00,2023-11-13 07:56:30+00:00,2.0
,-28800,,stage,2023-11-13 07:56:29+00:00,2023-11-13 07:56:29+00:00,2023-11-13 08:01:29+00:00,2.0
,-28800,,stage,2023-11-13 07:56:30+00:00,2023-11-13 07:56:30+00:00,2023-11-13 08:01:30+00:00,2.0
,-28800,,stage,2023-11-13 08:01:29+00:00,2023-11-13 08:01:29+00:00,2023-11-13 08:06:29+00:00,3.0
,-28800,,stage,2023-11-13 08:01:30+00:00,2023-11-13 08:01:30+00:00,2023-11-13 08:06:30+00:00,3.0
,-28800,,stage,2023-11-13 08:06:29+00:00,2023-11-13 08:06:29+00:00,2023-11-13 08:11:29+00:00,2.0
,-28800,,stage,2023-11-13 08:06:30+00:00,2023-11-13 08:06:30+00:00,2023-11-13 08:11:30+00:00,3.0
,-28800,,stage,2023-11-13 08:11:29+00:00,2023-11-13 08:11:29+00:00,2023-11-13 08:16:29+00:00,2.0
,-28800,,stage,2023-11-13 08:11:30+00:00,2023-11-13 08:11:30+00:00,2023-11-13 08:16:30+00:00,2.0
,-28800,,stage,2023-11-13 08:16:29+00:00,2023-11-13 08:16:29+00:00,2023-11-13 08:21:29+00:00,2.0
,-28800,,stage,2023-11-13 08:16:30+00:00,2023-11-13 08:16:30+00:00,2023-11-13 08:21:30+00:00,2.0
,-28800,,stage,2023-11-13 08:21:29+00:00,2023-11-13 08:21:29+00:00,2023-11-13 08:26:29+00:00,2.0
,-28800,,stage,2023-11-13 08:21:30+00:00,2023-11-13 08:21:30+00:00,2023-11-13 08:26:30+00:00,2.0
,-28800,,stage,2023-11-13 08:26:29+00:00,2023-11-13 08:26:29+00:00,2023-11-13 08:31:29+00:00,2.0
,-28800,,stage,2023-11-13 08:26:30+00:00,2023-11-13 08:26:30+00:00,2023-11-13 08:31:30+00:00,2.0
,-28800,,stage,2023-11-13 08:31:29+00:00,2023-11-13 08:31:29+00:00,2023-11-13 08:36:29+00:00,2.0
,-28800,,stage,2023-11-13 08:31:30+00:00,2023-11-13 08:31:30+00:00,2023-11-13 08:36:30+00:00,2.0
,-28800,,stage,2023-11-13 08:36:29+00:00,2023-11-13 08:36:29+00:00,2023-11-13 08:41:29+00:00,1.0
,-28800,,stage,2023-11-13 08:36:30+00:00,2023-11-13 08:36:30+00:00,2023-11-13 08:41:30+00:00,1.0
,-28800,,stage,2023-11-13 08:41:29+00:00,2023-11-13 08:41:29+00:00,2023-11-13 08:46:29+00:00,1.0
,-28800,,stage,2023-11-13 08:41:30+00:00,2023-11-13 08:41:30+00:00,2023-11-13 08:46:30+00:00,1.0
,-28800,,stage,2023-11-13 08:46:29+00:00,2023-11-13 08:46:29+00:00,2023-11-13 08:51:29+00:00,1.0
,-28800,,stage,2023-11-13 08:46:30+00:00,2023-11-13 08:46:30+00:00,2023-11-13 08:51:30+00:00,1.0
,-28800,,stage,2023-11-13 08:51:29+00:00,2023-11-13 08:51:29+00:00,2023-11-13 08:56:29+00:00,1.0
,-28800,,stage,2023-11-13 08:51:30+00:00,2023-11-13 08:51:30+00:00,2023-11-13 08:56:30+00:00,1.0
,-28800,,stage,2023-11-13 08:56:29+00:00,2023-11-13 08:56:29+00:00,2023-11-13 09:01:29+00:00,2.0
,-28800,,stage,2023-11-13 08:56:30+00:00,2023-11-13 08:56:30+00:00,2023-11-13 09:01:30+00:00,2.0
,-28800,,stage,2023-11-13 09:01:29+00:00,2023-11-13 09:01:29+00:00,2023-11-13 09:06:29+00:00,2.0
,-28800,,stage,2023-11-13 09:01:30+00:00,2023-11-13 09:01:30+00:00,2023-11-13 09:06:30+00:00,2.0
,-28800,,stage,2023-11-13 09:06:29+00:00,2023-11-13 09:06:29+00:00,2023-11-13 09:11:29+00:00,2.0
,-28800,,stage,2023-11-13 09:06:30+00:00,2023-11-13 09:06:30+00:00,2023-11-13 09:11:30+00:00,2.0
,-28800,,stage,2023-11-13 09:11:29+00:00,2023-11-13 09:11:29+00:00,2023-11-13 09:16:29+00:00,2.0
,-28800,,stage,2023-11-13 09:11:30+00:00,2023-11-13 09:11:30+00:00,2023-11-13 09:16:30+00:00,2.0
,-28800,,stage,2023-11-13 09:16:29+00:00,2023-11-13 09:16:29+00:00,2023-11-13 09:21:29+00:00,2.0
,-28800,,stage,2023-11-13 09:16:30+00:00,2023-11-13 09:16:30+00:00,2023-11-13 09:21:30+00:00,2.0
,-28800,,stage,2023-11-13 09:21:29+00:00,2023-11-13 09:21:29+00:00,2023-11-13 09:26:29+00:00,2.0
,-28800,,stage,2023-11-13 09:21:30+00:00,2023-11-13 09:21:30+00:00,2023-11-13 09:26:30+00:00,2.0
,-28800,,stage,2023-11-13 09:26:29+00:00,2023-11-13 09:26:29+00:00,2023-11-13 09:31:29+00:00,3.0
,-28800,,stage,2023-11-13 09:26:30+00:00,2023-11-13 09:26:30+00:00,2023-11-13 09:31:30+00:00,3.0
,-28800,,stage,2023-11-13 09:31:29+00:00,2023-11-13 09:31:29+00:00,2023-11-13 09:36:29+00:00,3.0
,-28800,,stage,2023-11-13 09:31:30+00:00,2023-11-13 09:31:30+00:00,2023-11-13 09:36:30+00:00,3.0
,-28800,,stage,2023-11-13 09:36:29+00:00,2023-11-13 09:36:29+00:00,2023-11-13 09:41:29+00:00,3.0
,-28800,,stage,2023-11-13 09:36:30+00:00,2023-11-13 09:36:30+00:00,2023-11-13 09:41:30+00:00,3.0
,-28800,,stage,2023-11-13 09:41:29+00:00,2023-11-13 09:41:29+00:00,2023-11-13 09:46:29+00:00,3.0
,-28800,,stage,2023-11-13 09:41:30+00:00,2023-11-13 09:41:30+00:00,2023-11-13 09:46:30+00:00,3.0
,-28800,,stage,2023-11-13 09:46:29+00:00,2023-11-13 09:46:29+00:00,2023-11-13 09:51:29+00:00,3.0
,-28800,,stage,2023-11-13 09:46:30+00:00,2023-11-13 09:46:30+00:00,2023-11-13 09:51:30+00:00,3.0
,-28800,,stage,2023-11-13 09:51:29+00:00,2023-11-13 09:51:29+00:00,2023-11-13 09:56:29+00:00,2.0
,-28800,,stage,2023-11-13 09:51:30+00:00,2023-11-13 09:51:30+00:00,2023-11-13 09:56:30+00:00,2.0
,-28800,,stage,2023-11-13 09:56:29+00:00,2023-11-13 09:56:29+00:00,2023-11-13 10:01:29+00:00,2.0
,-28800,,stage,2023-11-13 09:56:30+00:00,2023-11-13 09:56:30+00:00,2023-11-13 10:01:30+00:00,2.0
,-28800,,stage,2023-11-13 10:01:29+00:00,2023-11-13 10:01:29+00:00,2023-11-13 10:06:29+00:00,2.0
,-28800,,stage,2023-11-13 10:01:30+00:00,2023-11-13 10:01:30+00:00,2023-11-13 10:06:30+00:00,2.0
,-28800,,stage,2023-11-13 10:06:29+00:00,2023-11-13 10:06:29+00:00,2023-11-13 10:11:29+00:00,2.0
,-28800,,stage,2023-11-13 10:06:30+00:00,2023-11-13 10:06:30+00:00,2023-11-13 10:11:30+00:00,2.0
,-28800,,stage,2023-11-13 10:11:29+00:00,2023-11-13 10:11:29+00:00,2023-11-13 10:16:29+00:00,2.0
,-28800,,stage,2023-11-13 10:11:30+00:00,2023-11-13 10:11:30+00:00,2023-11-13 10:16:30+00:00,2.0
,-28800,,stage,2023-11-13 10:16:29+00:00,2023-11-13 10:16:29+00:00,2023-11-13 10:21:29+00:00,2.0
,-28800,,stage,2023-11-13 10:16:30+00:00,2023-11-13 10:16:30+00:00,2023-11-13 10:21:30+00:00,2.0
,-28800,,stage,2023-11-13 10:21:29+00:00,2023-11-13 10:21:29+00:00,2023-11-13 10:26:29+00:00,2.0
,-28800,,stage,2023-11-13 10:21:30+00:00,2023-11-13 10:21:30+00:00,2023-11-13 10:26:30+00:00,2.0
,-28800,,stage,2023-11-13 10:26:29+00:00,2023-11-13 10:26:29+00:00,2023-11-13 10:31:29+00:00,2.0
,-28800,,stage,2023-11-13 10:26:30+00:00,2023-11-13 10:26:30+00:00,2023-11-13 10:31:30+00:00,2.0
,-28800,,stage,2023-11-13 10:31:29+00:00,2023-11-13 10:31:29+00:00,2023-11-13 10:36:29+00:00,2.0
,-28800,,stage,2023-11-13 10:31:30+00:00,2023-11-13 10:31:30+00:00,2023-11-13 10:36:30+00:00,2.0
,-28800,,stage,2023-11-13 10:36:29+00:00,2023-11-13 10:36:29+00:00,2023-11-13 10:41:29+00:00,2.0
,-28800,,stage,2023-11-13 10:36:30+00:00,2023-11-13 10:36:30+00:00,2023-11-13 10:41:30+00:00,2.0
,-28800,,stage,2023-11-13 10:41:29+00:00,2023-11-13 10:41:29+00:00,2023-11-13 10:46:29+00:00,2.0
,-28800,,stage,2023-11-13 10:41:30+00:00,2023-11-13 10:41:30+00:00,2023-11-13 10:46:30+00:00,2.0
,-28800,,stage,2023-11-13 10:46:29+00:00,2023-11-13 10:46:29+00:00,2023-11-13 10:51:29+00:00,2.0
,-28800,,stage,2023-11-13 10:46:30+00:00,2023-11-13 10:46:30+00:00,2023-11-13 10:51:30+00:00,2.0
,-28800,,stage,2023-11-13 10:51:29+00:00,2023-11-13 10:51:29+00:00,2023-11-13 10:56:29+00:00,2.0
,-28800,,stage,2023-11-13 10:51:30+00:00,2023-11-13 10:51:30+00:00,2023-11-13 10:56:30+00:00,2.0
,-28800,,stage,2023-11-13 10:56:29+00:00,2023-11-13 10:56:29+00:00,2023-11-13 11:01:29+00:00,4.0
,-28800,,stage,2023-11-13 10:56:30+00:00,2023-11-13 10:56:30+00:00,2023-11-13 11:01:30+00:00,4.0
,-28800,,stage,2023-11-13 11:01:29+00:00,2023-11-13 11:01:29+00:00,2023-11-13 11:06:29+00:00,3.0
,-28800,,stage,2023-11-13 11:01:30+00:00,2023-11-13 11:01:30+00:00,2023-11-13 11:06:30+00:00,3.0
,-28800,,stage,2023-11-13 11:06:29+00:00,2023-11-13 11:06:29+00:00,2023-11-13 11:11:29+00:00,3.0
,-28800,,stage,2023-11-13 11:06:30+00:00,2023-11-13 11:06:30+00:00,2023-11-13 11:11:30+00:00,3.0
,-28800,,stage,2023-11-13 11:11:29+00:00,2023-11-13 11:11:29+00:00,2023-11-13 11:16:29+00:00,3.0
,-28800,,stage,2023-11-13 11:11:30+00:00,2023-11-13 11:11:30+00:00,2023-11-13 11:16:30+00:00,3.0
,-28800,,stage,2023-11-13 11:16:29+00:00,2023-11-13 11:16:29+00:00,2023-11-13 11:21:29+00:00,3.0
,-28800,,stage,2023-11-13 11:16:30+00:00,2023-11-13 11:16:30+00:00,2023-11-13 11:21:30+00:00,3.0
,-28800,,stage,2023-11-13 11:21:29+00:00,2023-11-13 11:21:29+00:00,2023-11-13 11:26:29+00:00,2.0
,-28800,,stage,2023-11-13 11:21:30+00:00,2023-11-13 11:21:30+00:00,2023-11-13 11:26:30+00:00,2.0
,-28800,,stage,2023-11-13 11:26:29+00:00,2023-11-13 11:26:29+00:00,2023-11-13 11:31:29+00:00,2.0
,-28800,,stage,2023-11-13 11:26:30+00:00,2023-11-13 11:26:30+00:00,2023-11-13 11:31:30+00:00,2.0
,-28800,,stage,2023-11-13 11:31:29+00:00,2023-11-13 11:31:29+00:00,2023-11-13 11:36:29+00:00,2.0
,-28800,,stage,2023-11-13 11:31:30+00:00,2023-11-13 11:31:30+00:00,2023-11-13 11:36:30+00:00,2.0
,-28800,,stage,2023-11-13 11:36:29+00:00,2023-11-13 11:36:29+00:00,2023-11-13 11:41:29+00:00,1.0
,-28800,,stage,2023-11-13 11:36:30+00:00,2023-11-13 11:36:30+00:00,2023-11-13 11:41:30+00:00,1.0
,-28800,,stage,2023-11-13 11:41:29+00:00,2023-11-13 11:41:29+00:00,2023-11-13 11:46:29+00:00,1.0
,-28800,,stage,2023-11-13 11:41:30+00:00,2023-11-13 11:41:30+00:00,2023-11-13 11:46:30+00:00,2.0
,-28800,,stage,2023-11-13 11:46:29+00:00,2023-11-13 11:46:29+00:00,2023-11-13 11:51:29+00:00,1.0
,-28800,,stage,2023-11-13 11:46:30+00:00,2023-11-13 11:46:30+00:00,2023-11-13 11:51:30+00:00,1.0
,-28800,,stage,2023-11-13 11:51:29+00:00,2023-11-13 11:51:29+00:00,2023-11-13 11:56:29+00:00,1.0
,-28800,,stage,2023-11-13 11:51:30+00:00,2023-11-13 11:51:30+00:00,2023-11-13 11:56:30+00:00,2.0
,-28800,,stage,2023-11-13 11:56:29+00:00,2023-11-13 11:56:29+00:00,2023-11-13 12:01:29+00:00,2.0
,-28800,,stage,2023-11-13 11:56:30+00:00,2023-11-13 11:56:30+00:00,2023-11-13 12:01:30+00:00,2.0
,-28800,,stage,2023-11-13 12:01:29+00:00,2023-11-13 12:01:29+00:00,2023-11-13 12:06:29+00:00,2.0
,-28800,,stage,2023-11-13 12:01:30+00:00,2023-11-13 12:01:30+00:00,2023-11-13 12:06:30+00:00,2.0
,-28800,,stage,2023-11-13 12:06:29+00:00,2023-11-13 12:06:29+00:00,2023-11-13 12:11:29+00:00,1.0
,-28800,,stage,2023-11-13 12:06:30+00:00,2023-11-13 12:06:30+00:00,2023-11-13 12:11:30+00:00,1.0
,-28800,,stage,2023-11-13 12:11:29+00:00,2023-11-13 12:11:29+00:00,2023-11-13 12:16:29+00:00,4.0
,-28800,,stage,2023-11-13 12:11:30+00:00,2023-11-13 12:11:30+00:00,2023-11-13 12:16:30+00:00,2.0
,-28800,,stage,2023-11-13 12:16:29+00:00,2023-11-13 12:16:29+00:00,2023-11-13 12:21:29+00:00,2.0
,-28800,,stage,2023-11-13 12:16:30+00:00,2023-11-13 12:16:30+00:00,2023-11-13 12:21:30+00:00,2.0
,-28800,,stage,2023-11-13 12:21:29+00:00,2023-11-13 12:21:29+00:00,2023-11-13 12:26:29+00:00,3.0
,-28800,,stage,2023-11-13 12:21:30+00:00,2023-11-13 12:21:30+00:00,2023-11-13 12:26:30+00:00,3.0
,-28800,,stage,2023-11-13 12:26:29+00:00,2023-11-13 12:26:29+00:00,2023-11-13 12:31:29+00:00,3.0
,-28800,,stage,2023-11-13 12:26:30+00:00,2023-11-13 12:26:30+00:00,2023-11-13 12:31:30+00:00,3.0
,-28800,,stage,2023-11-13 12:31:29+00:00,2023-11-13 12:31:29+00:00,2023-11-13 12:36:29+00:00,3.0
,-28800,,stage,2023-11-13 12:31:30+00:00,2023-11-13 12:31:30+00:00,2023-11-13 12:36:30+00:00,3.0
,-28800,,stage,2023-11-13 12:36:29+00:00,2023-11-13 12:36:29+00:00,2023-11-13 12:41:29+00:00,3.0
,-28800,,stage,2023-11-13 12:36:30+00:00,2023-11-13 12:36:30+00:00,2023-11-13 12:41:30+00:00,3.0
,-28800,,stage,2023-11-13 12:41:29+00:00,2023-11-13 12:41:29+00:00,2023-11-13 12:46:29+00:00,3.0
,-28800,,stage,2023-11-13 12:41:30+00:00,2023-11-13 12:41:30+00:00,2023-11-13 12:46:30+00:00,4.0
,-28800,,stage,2023-11-13 12:46:29+00:00,2023-11-13 12:46:29+00:00,2023-11-13 12:51:29+00:00,3.0
,-28800,,stage,2023-11-13 12:46:30+00:00,2023-11-13 12:46:30+00:00,2023-11-13 12:51:30+00:00,3.0
,-28800,,stage,2023-11-13 12:51:29+00:00,2023-11-13 12:51:29+00:00,2023-11-13 12:56:29+00:00,4.0
,-28800,,stage,2023-11-13 12:51:30+00:00,2023-11-13 12:51:30+00:00,2023-11-13 12:56:30+00:00,2.0
,-28800,,stage,2023-11-13 12:56:29+00:00,2023-11-13 12:56:29+00:00,2023-11-13 13:01:29+00:00,2.0
,-28800,,stage,2023-11-13 12:56:30+00:00,2023-11-13 12:56:30+00:00,2023-11-13 13:01:30+00:00,2.0
,-28800,,stage,2023-11-13 13:01:29+00:00,2023-11-13 13:01:29+00:00,2023-11-13 13:06:29+00:00,2.0
,-28800,,stage,2023-11-13 13:01:30+00:00,2023-11-13 13:01:30+00:00,2023-11-13 13:06:30+00:00,2.0
,-28800,,stage,2023-11-13 13:06:29+00:00,2023-11-13 13:06:29+00:00,2023-11-13 13:11:29+00:00,2.0
,-28800,,stage,2023-11-13 13:06:30+00:00,2023-11-13 13:06:30+00:00,2023-11-13 13:11:30+00:00,2.0
,-28800,,stage,2023-11-13 13:11:29+00:00,2023-11-13 13:11:29+00:00,2023-11-13 13:16:29+00:00,2.0
,-28800,,stage,2023-11-13 13:11:30+00:00,2023-11-13 13:11:30+00:00,2023-11-13 13:16:30+00:00,2.0
,-28800,,stage,2023-11-13 13:16:29+00:00,2023-11-13 13:16:29+00:00,2023-11-13 13:21:29+00:00,2.0
,-28800,,stage,2023-11-13 13:16:30+00:00,2023-11-13 13:16:30+00:00,2023-11-13 13:21:30+00:00,2.0
,-28800,,stage,2023-11-13 13:21:29+00:00,2023-11-13 13:21:29+00:00,2023-11-13 13:26:29+00:00,2.0
,-28800,,stage,2023-11-13 13:21:30+00:00,2023-11-13 13:21:30+00:00,2023-11-13 13:26:30+00:00,2.0
,-28800,,stage,2023-11-13 13:26:29+00:00,2023-11-13 13:26:29+00:00,2023-11-13 13:31:29+00:00,2.0
,-28800,,stage,2023-11-13 13:26:30+00:00,2023-11-13 13:26:30+00:00,2023-11-13 13:31:30+00:00,2.0
,-28800,,stage,2023-11-13 13:31:29+00:00,2023-11-13 13:31:29+00:00,2023-11-13 13:36:29+00:00,2.0
,-28800,,stage,2023-11-13 13:31:30+00:00,2023-11-13 13:31:30+00:00,2023-11-13 13:36:30+00:00,2.0
,-28800,,stage,2023-11-13 13:36:29+00:00,2023-11-13 13:36:29+00:00,2023-11-13 13:41:29+00:00,2.0
,-28800,,stage,2023-11-13 13:36:30+00:00,2023-11-13 13:36:30+00:00,2023-11-13 13:41:30+00:00,2.0
,-28800,,stage,2023-11-13 13:41:29+00:00,2023-11-13 13:41:29+00:00,2023-11-13 13:46:29+00:00,2.0
,-28800,,stage,2023-11-13 13:41:30+00:00,2023-11-13 13:41:30+00:00,2023-11-13 13:46:30+00:00,2.0
,-28800,,stage,2023-11-13 13:46:29+00:00,2023-11-13 13:46:29+00:00,2023-11-13 13:51:29+00:00,3.0
,-28800,,stage,2023-11-13 13:46:30+00:00,2023-11-13 13:46:30+00:00,2023-11-13 13:51:30+00:00,3.0
,-28800,,stage,2023-11-13 13:51:29+00:00,2023-11-13 13:51:29+00:00,2023-11-13 13:56:29+00:00,3.0
,-28800,,stage,2023-11-13 13:51:30+00:00,2023-11-13 13:51:30+00:00,2023-11-13 13:56:30+00:00,3.0
,-28800,,stage,2023-11-13 13:56:29+00:00,2023-11-13 13:56:29+00:00,2023-11-13 14:01:29+00:00,3.0
,-28800,,stage,2023-11-13 13:56:30+00:00,2023-11-13 13:56:30+00:00,2023-11-13 14:01:30+00:00,3.0
,-28800,,stage,2023-11-13 14:01:29+00:00,2023-11-13 14:01:29+00:00,2023-11-13 14:06:29+00:00,3.0
,-28800,,stage,2023-11-13 14:01:30+00:00,2023-11-13 14:01:30+00:00,2023-11-13 14:06:30+00:00,3.0
,-28800,,stage,2023-11-13 14:06:29+00:00,2023-11-13 14:06:29+00:00,2023-11-13 14:11:29+00:00,3.0
,-28800,,stage,2023-11-13 14:06:30+00:00,2023-11-13 14:06:30+00:00,2023-11-13 14:11:30+00:00,3.0
,-28800,,stage,2023-11-13 14:11:29+00:00,2023-11-13 14:11:29+00:00,2023-11-13 14:16:29+00:00,3.0
,-28800,,stage,2023-11-13 14:11:30+00:00,2023-11-13 14:11:30+00:00,2023-11-13 14:16:30+00:00,3.0
,-28800,,stage,2023-11-13 14:16:29+00:00,2023-11-13 14:16:29+00:00,2023-11-13 14:21:29+00:00,3.0
,-28800,,stage,2023-11-13 14:16:30+00:00,2023-11-13 14:16:30+00:00,2023-11-13 14:21:30+00:00,3.0
,-28800,,stage,2023-11-13 14:21:29+00:00,2023-11-13 14:21:29+00:00,2023-11-13 14:26:29+00:00,3.0
,-28800,,stage,2023-11-13 14:21:30+00:00,2023-11-13 14:21:30+00:00,2023-11-13 14:26:30+00:00,3.0
,-28800,,stage,2023-11-13 14:26:29+00:00,2023-11-13 14:26:29+00:00,2023-11-13 14:31:29+00:00,2.0
,-28800,,stage,2023-11-13 14:26:30+00:00,2023-11-13 14:26:30+00:00,2023-11-13 14:31:30+00:00,4.0
,-28800,,stage,2023-11-13 14:31:29+00:00,2023-11-13 14:31:29+00:00,2023-11-13 14:36:29+00:00,4.0
,-28800,,stage,2023-11-13 14:31:30+00:00,2023-11-13 14:31:30+00:00,2023-11-13 14:36:30+00:00,4.0
,-28800,,stage,2023-11-13 14:36:30+00:00,2023-11-13 14:36:30+00:00,2023-11-13 14:41:30+00:00,4.0
,-28800,,stage,2023-11-13 14:41:30+00:00,2023-11-13 14:41:30+00:00,2023-11-13 14:46:30+00:00,4.0
,-28800,,stage,2023-11-13 14:46:30+00:00,2023-11-13 14:46:30+00:00,2023-11-13 14:51:30+00:00,4.0
,-28800,,stage,2023-11-14 05:39:28+00:00,2023-11-14 05:39:28+00:00,2023-11-14 05:44:28+00:00,4.0
,-28800,,stage,2023-11-14 05:44:28+00:00,2023-11-14 05:44:28+00:00,2023-11-14 05:49:28+00:00,4.0
,-28800,,stage,2023-11-14 05:49:28+00:00,2023-11-14 05:49:28+00:00,2023-11-14 05:54:28+00:00,2.0
,-28800,,stage,2023-11-14 05:54:28+00:00,2023-11-14 05:54:28+00:00,2023-11-14 05:59:28+00:00,2.0
,-28800,,stage,2023-11-14 05:59:28+00:00,2023-11-14 05:59:28+00:00,2023-11-14 06:04:28+00:00,1.0
,-28800,,stage,2023-11-14 06:04:28+00:00,2023-11-14 06:04:28+00:00,2023-11-14 06:09:28+00:00,1.0
,-28800,,stage,2023-11-14 06:09:28+00:00,2023-11-14 06:09:28+00:00,2023-11-14 06:14:28+00:00,1.0
,-28800,,stage,2023-11-14 06:14:28+00:00,2023-11-14 06:14:28+00:00,2023-11-14 06:19:28+00:00,1.0
,-28800,,stage,2023-11-14 06:19:28+00:00,2023-11-14 06:19:28+00:00,2023-11-14 06:24:28+00:00,1.0
,-28800,,stage,2023-11-14 06:24:28+00:00,2023-11-14 06:24:28+00:00,2023-11-14 06:29:28+00:00,1.0
,-28800,,stage,2023-11-14 06:29:28+00:00,2023-11-14 06:29:28+00:00,2023-11-14 06:34:28+00:00,1.0
,-28800,,stage,2023-11-14 06:34:28+00:00,2023-11-14 06:34:28+00:00,2023-11-14 06:39:28+00:00,2.0
,-28800,,stage,2023-11-14 06:39:28+00:00,2023-11-14 06:39:28+00:00,2023-11-14 06:44:28+00:00,1.0
,-28800,,stage,2023-11-14 06:44:28+00:00,2023-11-14 06:44:28+00:00,2023-11-14 06:49:28+00:00,2.0
,-28800,,stage,2023-11-14 06:49:28+00:00,2023-11-14 06:49:28+00:00,2023-11-14 06:54:28+00:00,2.0
,-28800,,stage,2023-11-14 06:54:28+00:00,2023-11-14 06:54:28+00:00,2023-11-14 06:59:28+00:00,3.0
,-28800,,stage,2023-11-14 06:59:28+00:00,2023-11-14 06:59:28+00:00,2023-11-14 07:04:28+00:00,3.0
,-28800,,stage,2023-11-14 07:04:28+00:00,2023-11-14 07:04:28+00:00,2023-11-14 07:09:28+00:00,2.0
,-28800,,stage,2023-11-14 07:09:28+00:00,2023-11-14 07:09:28+00:00,2023-11-14 07:14:28+00:00,2.0
,-28800,,stage,2023-11-14 07:14:28+00:00,2023-11-14 07:14:28+00:00,2023-11-14 07:19:28+00:00,1.0
,-28800,,stage,2023-11-14 07:19:28+00:00,2023-11-14 07:19:28+00:00,2023-11-14 07:24:28+00:00,2.0
,-28800,,stage,2023-11-14 07:24:28+00:00,2023-11-14 07:24:28+00:00,2023-11-14 07:29:28+00:00,2.0
,-28800,,stage,2023-11-14 07:29:28+00:00,2023-11-14 07:29:28+00:00,2023-11-14 07:34:28+00:00,2.0
,-28800,,stage,2023-11-14 07:34:28+00:00,2023-11-14 07:34:28+00:00,2023-11-14 07:39:28+00:00,2.0
,-28800,,stage,2023-11-14 07:39:28+00:00,2023-11-14 07:39:28+00:00,2023-11-14 07:44:28+00:00,2.0
,-28800,,stage,2023-11-14 07:44:28+00:00,2023-11-14 07:44:28+00:00,2023-11-14 07:49:28+00:00,2.0
,-28800,,stage,2023-11-14 07:49:28+00:00,2023-11-14 07:49:28+00:00,2023-11-14 07:54:28+00:00,2.0
,-28800,,stage,2023-11-14 07:54:28+00:00,2023-11-14 07:54:28+00:00,2023-11-14 07:59:28+00:00,3.0
,-28800,,stage,2023-11-14 07:59:28+00:00,2023-11-14 07:59:28+00:00,2023-11-14 08:04:28+00:00,3.0
,-28800,,stage,2023-11-14 08:04:28+00:00,2023-11-14 08:04:28+00:00,2023-11-14 08:09:28+00:00,3.0
,-28800,,stage,2023-11-14 08:09:28+00:00,2023-11-14 08:09:28+00:00,2023-11-14 08:14:28+00:00,3.0
,-28800,,stage,2023-11-14 08:14:28+00:00,2023-11-14 08:14:28+00:00,2023-11-14 08:19:28+00:00,3.0
,-28800,,stage,2023-11-14 08:19:28+00:00,2023-11-14 08:19:28+00:00,2023-11-14 08:24:28+00:00,2.0
,-28800,,stage,2023-11-14 08:24:28+00:00,2023-11-14 08:24:28+00:00,2023-11-14 08:29:28+00:00,2.0
,-28800,,stage,2023-11-14 08:29:28+00:00,2023-11-14 08:29:28+00:00,2023-11-14 08:34:28+00:00,1.0
,-28800,,stage,2023-11-14 08:34:28+00:00,2023-11-14 08:34:28+00:00,2023-11-14 08:39:28+00:00,2.0
,-28800,,stage,2023-11-14 08:39:28+00:00,2023-11-14 08:39:28+00:00,2023-11-14 08:44:28+00:00,2.0
,-28800,,stage,2023-11-14 08:44:28+00:00,2023-11-14 08:44:28+00:00,2023-11-14 08:49:28+00:00,2.0
,-28800,,stage,2023-11-14 08:49:28+00:00,2023-11-14 08:49:28+00:00,2023-11-14 08:54:28+00:00,2.0
,-28800,,stage,2023-11-14 08:54:28+00:00,2023-11-14 08:54:28+00:00,2023-11-14 08:59:28+00:00,2.0
,-28800,,stage,2023-11-14 08:59:28+00:00,2023-11-14 08:59:28+00:00,2023-11-14 09:04:28+00:00,2.0
,-28800,,stage,2023-11-14 09:04:28+00:00,2023-11-14 09:04:28+00:00,2023-11-14 09:09:28+00:00,1.0
,-28800,,stage,2023-11-14 09:09:28+00:00,2023-11-14 09:09:28+00:00,2023-11-14 09:14:28+00:00,1.0
,-28800,,stage,2023-11-14 09:14:28+00:00,2023-11-14 09:14:28+00:00,2023-11-14 09:19:28+00:00,2.0
,-28800,,stage,2023-11-14 09:19:28+00:00,2023-11-14 09:19:28+00:00,2023-11-14 09:24:28+00:00,2.0
,-28800,,stage,2023-11-14 09:24:28+00:00,2023-11-14 09:24:28+00:00,2023-11-14 09:29:28+00:00,2.0
,-28800,,stage,2023-11-14 09:29:28+00:00,2023-11-14 09:29:28+00:00,2023-11-14 09:34:28+00:00,1.0
,-28800,,stage,2023-11-14 09:34:28+00:00,2023-11-14 09:34:28+00:00,2023-11-14 09:39:28+00:00,2.0
,-28800,,stage,2023-11-14 09:39:28+00:00,2023-11-14 09:39:28+00:00,2023-11-14 09:44:28+00:00,2.0
,-28800,,stage,2023-11-14 09:44:28+00:00,2023-11-14 09:44:28+00:00,2023-11-14 09:49:28+00:00,2.0
,-28800,,stage,2023-11-14 09:49:28+00:00,2023-11-14 09:49:28+00:00,2023-11-14 09:54:28+00:00,2.0
,-28800,,stage,2023-11-14 09:54:28+00:00,2023-11-14 09:54:28+00:00,2023-11-14 09:59:28+00:00,3.0
,-28800,,stage,2023-11-14 09:59:28+00:00,2023-11-14 09:59:28+00:00,2023-11-14 10:04:28+00:00,3.0
,-28800,,stage,2023-11-14 10:04:28+00:00,2023-11-14 10:04:28+00:00,2023-11-14 10:09:28+00:00,3.0
,-28800,,stage,2023-11-14 10:09:28+00:00,2023-11-14 10:09:28+00:00,2023-11-14 10:14:28+00:00,3.0
,-28800,,stage,2023-11-14 10:14:28+00:00,2023-11-14 10:14:28+00:00,2023-11-14 10:19:28+00:00,2.0
,-28800,,stage,2023-11-14 10:19:28+00:00,2023-11-14 10:19:28+00:00,2023-11-14 10:24:28+00:00,3.0
,-28800,,stage,2023-11-14 10:24:28+00:00,2023-11-14 10:24:28+00:00,2023-11-14 10:29:28+00:00,3.0
,-28800,,stage,2023-11-14 10:29:28+00:00,2023-11-14 10:29:28+00:00,2023-11-14 10:34:28+00:00,2.0
,-28800,,stage,2023-11-14 10:34:28+00:00,2023-11-14 10:34:28+00:00,2023-11-14 10:39:28+00:00,2.0
,-28800,,stage,2023-11-14 10:39:28+00:00,2023-11-14 10:39:28+00:00,2023-11-14 10:44:28+00:00,2.0
,-28800,,stage,2023-11-14 10:44:28+00:00,2023-11-14 10:44:28+00:00,2023-11-14 10:49:28+00:00,1.0
,-28800,,stage,2023-11-14 10:49:28+00:00,2023-11-14 10:49:28+00:00,2023-11-14 10:54:28+00:00,1.0
,-28800,,stage,2023-11-14 10:54:28+00:00,2023-11-14 10:54:28+00:00,2023-11-14 10:59:28+00:00,1.0
,-28800,,stage,2023-11-14 10:59:28+00:00,2023-11-14 10:59:28+00:00,2023-11-14 11:04:28+00:00,3.0
,-28800,,stage,2023-11-14 11:04:28+00:00,2023-11-14 11:04:28+00:00,2023-11-14 11:09:28+00:00,2.0
,-28800,,stage,2023-11-14 11:09:28+00:00,2023-11-14 11:09:28+00:00,2023-11-14 11:14:28+00:00,2.0
,-28800,,stage,2023-11-14 11:14:28+00:00,2023-11-14 11:14:28+00:00,2023-11-14 11:19:28+00:00,2.0
,-28800,,stage,2023-11-14 11:19:28+00:00,2023-11-14 11:19:28+00:00,2023-11-14 11:24:28+00:00,2.0
,-28800,,stage,2023-11-14 11:24:28+00:00,2023-11-14 11:24:28+00:00,2023-11-14 11:29:28+00:00,2.0
,-28800,,stage,2023-11-14 11:29:28+00:00,2023-11-14 11:29:28+00:00,2023-11-14 11:34:28+00:00,3.0
,-28800,,stage,2023-11-14 11:34:28+00:00,2023-11-14 11:34:28+00:00,2023-11-14 11:39:28+00:00,3.0
,-28800,,stage,2023-11-14 11:39:28+00:00,2023-11-14 11:39:28+00:00,2023-11-14 11:44:28+00:00,3.0
,-28800,,stage,2023-11-14 11:44:28+00:00,2023-11-14 11:44:28+00:00,2023-11-14 11:49:28+00:00,3.0
,-28800,,stage,2023-11-14 11:49:28+00:00,2023-11-14 11:49:28+00:00,2023-11-14 11:54:28+00:00,3.0
,-28800,,stage,2023-11-14 11:54:28+00:00,2023-11-14 11:54:28+00:00,2023-11-14 11:59:28+00:00,2.0
,-28800,,stage,2023-11-14 11:59:28+00:00,2023-11-14 11:59:28+00:00,2023-11-14 12:04:28+00:00,2.0
,-28800,,stage,2023-11-14 12:04:28+00:00,2023-11-14 12:04:28+00:00,2023-11-14 12:09:28+00:00,2.0
,-28800,,stage,2023-11-14 12:09:28+00:00,2023-11-14 12:09:28+00:00,2023-11-14 12:14:28+00:00,2.0
,-28800,,stage,2023-11-14 12:14:28+00:00,2023-11-14 12:14:28+00:00,2023-11-14 12:19:28+00:00,2.0
,-28800,,stage,2023-11-14 12:19:28+00:00,2023-11-14 12:19:28+00:00,2023-11-14 12:24:28+00:00,2.0
,-28800,,stage,2023-11-14 12:24:28+00:00,2023-11-14 12:24:28+00:00,2023-11-14 12:29:28+00:00,2.0
,-28800,,stage,2023-11-14 12:29:28+00:00,2023-11-14 12:29:28+00:00,2023-11-14 12:34:28+00:00,2.0
,-28800,,stage,2023-11-14 12:34:28+00:00,2023-11-14 12:34:28+00:00,2023-11-14 12:39:28+00:00,2.0
,-28800,,stage,2023-11-14 12:39:28+00:00,2023-11-14 12:39:28+00:00,2023-11-14 12:44:28+00:00,2.0
,-28800,,stage,2023-11-14 12:44:28+00:00,2023-11-14 12:44:28+00:00,2023-11-14 12:49:28+00:00,4.0
,-28800,,stage,2023-11-14 12:49:28+00:00,2023-11-14 12:49:28+00:00,2023-11-14 12:54:28+00:00,2.0
,-28800,,stage,2023-11-14 12:54:28+00:00,2023-11-14 12:54:28+00:00,2023-11-14 12:59:28+00:00,3.0
,-28800,,stage,2023-11-14 12:59:28+00:00,2023-11-14 12:59:28+00:00,2023-11-14 13:04:28+00:00,3.0
,-28800,,stage,2023-11-14 13:04:28+00:00,2023-11-14 13:04:28+00:00,2023-11-14 13:09:28+00:00,3.0
,-28800,,stage,2023-11-14 13:09:28+00:00,2023-11-14 13:09:28+00:00,2023-11-14 13:14:28+00:00,3.0
,-28800,,stage,2023-11-14 13:14:28+00:00,2023-11-14 13:14:28+00:00,2023-11-14 13:19:28+00:00,3.0
,-28800,,stage,2023-11-14 13:19:28+00:00,2023-11-14 13:19:28+00:00,2023-11-14 13:24:28+00:00,3.0
,-28800,,stage,2023-11-14 13:24:28+00:00,2023-11-14 13:24:28+00:00,2023-11-14 13:29:28+00:00,3.0
,-28800,,stage,2023-11-14 13:29:28+00:00,2023-11-14 13:29:28+00:00,2023-11-14 13:34:28+00:00,3.0
,-28800,,stage,2023-11-14 13:34:28+00:00,2023-11-14 13:34:28+00:00,2023-11-14 13:39:28+00:00,3.0
,-28800,,stage,2023-11-14 13:39:28+00:00,2023-11-14 13:39:28+00:00,2023-11-14 13:44:28+00:00,2.0
,-28800,,stage,2023-11-14 13:44:28+00:00,2023-11-14 13:44:28+00:00,2023-11-14 13:49:28+00:00,2.0
,-28800,,stage,2023-11-14 13:49:28+00:00,2023-11-14 13:49:28+00:00,2023-11-14 13:54:28+00:00,2.0
,-28800,,stage,2023-11-14 13:54:28+00:00,2023-11-14 13:54:28+00:00,2023-11-14 13:59:28+00:00,2.0
,-28800,,stage,2023-11-14 13:59:28+00:00,2023-11-14 13:59:28+00:00,2023-11-14 14:04:28+00:00,2.0
,-28800,,stage,2023-11-14 14:04:28+00:00,2023-11-14 14:04:28+00:00,2023-11-14 14:09:28+00:00,2.0
,-28800,,stage,2023-11-14 14:09:28+00:00,2023-11-14 14:09:28+00:00,2023-11-14 14:14:28+00:00,2.0
,-28800,,stage,2023-11-14 14:14:28+00:00,2023-11-14 14:14:28+00:00,2023-11-14 14:19:28+00:00,2.0
,-28800,,stage,2023-11-14 14:19:28+00:00,2023-11-14 14:19:28+00:00,2023-11-14 14:24:28+00:00,2.0
,-28800,,stage,2023-11-14 14:24:28+00:00,2023-11-14 14:24:28+00:00,2023-11-14 14:29:28+00:00,2.0
,-28800,,stage,2023-11-14 14:29:28+00:00,2023-11-14 14:29:28+00:00,2023-11-14 14:34:28+00:00,4.0
,-28800,,stage,2023-11-14 14:34:28+00:00,2023-11-14 14:34:28+00:00,2023-11-14 14:39:28+00:00,4.0
,-28800,,stage,2023-11-14 14:39:28+00:00,2023-11-14 14:39:28+00:00,2023-11-14 14:44:28+00:00,3.0
,-28800,,stage,2023-11-14 14:44:28+00:00,2023-11-14 14:44:28+00:00,2023-11-14 14:49:28+00:00,2.0
,-28800,,stage,2023-11-14 14:49:28+00:00,2023-11-14 14:49:28+00:00,2023-11-14 14:54:28+00:00,4.0
,-28800,,stage,2023-11-14 14:54:28+00:00,2023-11-14 14:54:28+00:00,2023-11-14 14:59:28+00:00,4.0
,-28800,,stage,2023-11-14 14:59:28+00:00,2023-11-14 14:59:28+00:00,2023-11-14 15:04:28+00:00,4.0
,-28800,,stage,2023-11-14 15:04:28+00:00,2023-11-14 15:04:28+00:00,2023-11-14 15:09:28+00:00,4.0
,-28800,,stage,2023-11-14 15:09:28+00:00,2023-11-14 15:09:28+00:00,2023-11-14 15:14:28+00:00,4.0
,-28800,,stage,2023-11-15 06:28:32+00:00,2023-11-15 06:28:32+00:00,2023-11-15 06:33:32+00:00,4.0
,-28800,,stage,2023-11-15 06:33:32+00:00,2023-11-15 06:33:32+00:00,2023-11-15 06:38:32+00:00,4.0
,-28800,,stage,2023-11-15 06:38:32+00:00,2023-11-15 06:38:32+00:00,2023-11-15 06:43:32+00:00,2.0
,-28800,,stage,2023-11-15 06:43:32+00:00,2023-11-15 06:43:32+00:00,2023-11-15 06:48:32+00:00,2.0
,-28800,,stage,2023-11-15 06:48:32+00:00,2023-11-15 06:48:32+00:00,2023-11-15 06:53:32+00:00,1.0
,-28800,,stage,2023-11-15 06:53:32+00:00,2023-11-15 06:53:32+00:00,2023-11-15 06:58:32+00:00,1.0
,-28800,,stage,2023-11-15 06:58:32+00:00,2023-11-15 06:58:32+00:00,2023-11-15 07:03:32+00:00,2.0
,-28800,,stage,2023-11-15 07:03:32+00:00,2023-11-15 07:03:32+00:00,2023-11-15 07:08:32+00:00,2.0
,-28800,,stage,2023-11-15 07:08:32+00:00,2023-11-15 07:08:32+00:00,2023-11-15 07:13:32+00:00,2.0
,-28800,,stage,2023-11-15 07:13:32+00:00,2023-11-15 07:13:32+00:00,2023-11-15 07:18:32+00:00,1.0
,-28800,,stage,2023-11-15 07:18:32+00:00,2023-11-15 07:18:32+00:00,2023-11-15 07:23:32+00:00,2.0
,-28800,,stage,2023-11-15 07:23:32+00:00,2023-11-15 07:23:32+00:00,2023-11-15 07:28:32+00:00,2.0
,-28800,,stage,2023-11-15 07:28:32+00:00,2023-11-15 07:28:32+00:00,2023-11-15 07:33:32+00:00,2.0
,-28800,,stage,2023-11-15 07:33:32+00:00,2023-11-15 07:33:32+00:00,2023-11-15 07:38:32+00:00,1.0
,-28800,,stage,2023-11-15 07:38:32+00:00,2023-11-15 07:38:32+00:00,2023-11-15 07:43:32+00:00,1.0
,-28800,,stage,2023-11-15 07:43:32+00:00,2023-11-15 07:43:32+00:00,2023-11-15 07:48:32+00:00,1.0
,-28800,,stage,2023-11-15 07:48:32+00:00,2023-11-15 07:48:32+00:00,2023-11-15 07:53:32+00:00,1.0
,-28800,,stage,2023-11-15 07:53:32+00:00,2023-11-15 07:53:32+00:00,2023-11-15 07:58:32+00:00,2.0
,-28800,,stage,2023-11-15 07:58:32+00:00,2023-11-15 07:58:32+00:00,2023-11-15 08:03:32+00:00,3.0
,-28800,,stage,2023-11-15 08:03:32+00:00,2023-11-15 08:03:32+00:00,2023-11-15 08:08:32+00:00,3.0
,-28800,,stage,2023-11-15 08:08:32+00:00,2023-11-15 08:08:32+00:00,2023-11-15 08:13:32+00:00,2.0
,-28800,,stage,2023-11-15 08:13:32+00:00,2023-11-15 08:13:32+00:00,2023-11-15 08:18:32+00:00,2.0
,-28800,,stage,2023-11-15 08:18:32+00:00,2023-11-15 08:18:32+00:00,2023-11-15 08:23:32+00:00,2.0
,-28800,,stage,2023-11-15 08:23:32+00:00,2023-11-15 08:23:32+00:00,2023-11-15 08:28:32+00:00,2.0
,-28800,,stage,2023-11-15 08:28:32+00:00,2023-11-15 08:28:32+00:00,2023-11-15 08:33:32+00:00,2.0
,-28800,,stage,2023-11-15 08:33:32+00:00,2023-11-15 08:33:32+00:00,2023-11-15 08:38:32+00:00,2.0
,-28800,,stage,2023-11-15 08:38:32+00:00,2023-11-15 08:38:32+00:00,2023-11-15 08:43:32+00:00,2.0
,-28800,,stage,2023-11-15 08:43:32+00:00,2023-11-15 08:43:32+00:00,2023-11-15 08:48:32+00:00,1.0
,-28800,,stage,2023-11-15 08:48:32+00:00,2023-11-15 08:48:32+00:00,2023-11-15 08:53:32+00:00,1.0
,-28800,,stage,2023-11-15 08:53:32+00:00,2023-11-15 08:53:32+00:00,2023-11-15 08:58:32+00:00,1.0
,-28800,,stage,2023-11-15 08:58:32+00:00,2023-11-15 08:58:32+00:00,2023-11-15 09:03:32+00:00,2.0
,-28800,,stage,2023-11-15 09:03:32+00:00,2023-11-15 09:03:32+00:00,2023-11-15 09:08:32+00:00,3.0
,-28800,,stage,2023-11-15 09:08:32+00:00,2023-11-15 09:08:32+00:00,2023-11-15 09:13:32+00:00,3.0
,-28800,,stage,2023-11-15 09:13:32+00:00,2023-11-15 09:13:32+00:00,2023-11-15 09:18:32+00:00,3.0
,-28800,,stage,2023-11-15 09:18:32+00:00,2023-11-15 09:18:32+00:00,2023-11-15 09:23:32+00:00,3.0
,-28800,,stage,2023-11-15 09:23:32+00:00,2023-11-15 09:23:32+00:00,2023-11-15 09:28:32+00:00,3.0
,-28800,,stage,2023-11-15 09:28:32+00:00,2023-11-15 09:28:32+00:00,2023-11-15 09:33:32+00:00,3.0
,-28800,,stage,2023-11-15 09:33:32+00:00,2023-11-15 09:33:32+00:00,2023-11-15 09:38:32+00:00,3.0
,-28800,,stage,2023-11-15 09:38:32+00:00,2023-11-15 09:38:32+00:00,2023-11-15 09:43:32+00:00,3.0
,-28800,,stage,2023-11-15 09:43:32+00:00,2023-11-15 09:43:32+00:00,2023-11-15 09:48:32+00:00,3.0
,-28800,,stage,2023-11-15 09:48:32+00:00,2023-11-15 09:48:32+00:00,2023-11-15 09:53:32+00:00,2.0
,-28800,,stage,2023-11-15 09:53:32+00:00,2023-11-15 09:53:32+00:00,2023-11-15 09:58:32+00:00,2.0
,-28800,,stage,2023-11-15 09:58:32+00:00,2023-11-15 09:58:32+00:00,2023-11-15 10:03:32+00:00,2.0
,-28800,,stage,2023-11-15 10:03:32+00:00,2023-11-15 10:03:32+00:00,2023-11-15 10:08:32+00:00,1.0
,-28800,,stage,2023-11-15 10:08:32+00:00,2023-11-15 10:08:32+00:00,2023-11-15 10:13:32+00:00,2.0
,-28800,,stage,2023-11-15 10:13:32+00:00,2023-11-15 10:13:32+00:00,2023-11-15 10:18:32+00:00,2.0
,-28800,,stage,2023-11-15 10:18:32+00:00,2023-11-15 10:18:32+00:00,2023-11-15 10:23:32+00:00,2.0
,-28800,,stage,2023-11-15 10:23:32+00:00,2023-11-15 10:23:32+00:00,2023-11-15 10:28:32+00:00,1.0
,-28800,,stage,2023-11-15 10:28:32+00:00,2023-11-15 10:28:32+00:00,2023-11-15 10:33:32+00:00,1.0
,-28800,,stage,2023-11-15 10:33:32+00:00,2023-11-15 10:33:32+00:00,2023-11-15 10:38:32+00:00,1.0
,-28800,,stage,2023-11-15 10:38:32+00:00,2023-11-15 10:38:32+00:00,2023-11-15 10:43:32+00:00,1.0
,-28800,,stage,2023-11-15 10:43:32+00:00,2023-11-15 10:43:32+00:00,2023-11-15 10:48:32+00:00,2.0
,-28800,,stage,2023-11-15 10:48:32+00:00,2023-11-15 10:48:32+00:00,2023-11-15 10:53:32+00:00,2.0
,-28800,,stage,2023-11-15 10:53:32+00:00,2023-11-15 10:53:32+00:00,2023-11-15 10:58:32+00:00,2.0
,-28800,,stage,2023-11-15 10:58:32+00:00,2023-11-15 10:58:32+00:00,2023-11-15 11:03:32+00:00,2.0
,-28800,,stage,2023-11-15 11:03:32+00:00,2023-11-15 11:03:32+00:00,2023-11-15 11:08:32+00:00,4.0
,-28800,,stage,2023-11-15 11:08:32+00:00,2023-11-15 11:08:32+00:00,2023-11-15 11:13:32+00:00,3.0
,-28800,,stage,2023-11-15 11:13:32+00:00,2023-11-15 11:13:32+00:00,2023-11-15 11:18:32+00:00,3.0
,-28800,,stage,2023-11-15 11:18:32+00:00,2023-11-15 11:18:32+00:00,2023-11-15 11:23:32+00:00,3.0
,-28800,,stage,2023-11-15 11:23:32+00:00,2023-11-15 11:23:32+00:00,2023-11-15 11:28:32+00:00,3.0
,-28800,,stage,2023-11-15 11:28:32+00:00,2023-11-15 11:28:32+00:00,2023-11-15 11:33:32+00:00,2.0
,-28800,,stage,2023-11-15 11:33:32+00:00,2023-11-15 11:33:32+00:00,2023-11-15 11:38:32+00:00,2.0
,-28800,,stage,2023-11-15 11:38:32+00:00,2023-11-15 11:38:32+00:00,2023-11-15 11:43:32+00:00,2.0
,-28800,,stage,2023-11-15 11:43:32+00:00,2023-11-15 11:43:32+00:00,2023-11-15 11:48:32+00:00,2.0
,-28800,,stage,2023-11-15 11:48:32+00:00,2023-11-15 11:48:32+00:00,2023-11-15 11:53:32+00:00,2.0
,-28800,,stage,2023-11-15 11:53:32+00:00,2023-11-15 11:53:32+00:00,2023-11-15 11:58:32+00:00,2.0
,-28800,,stage,2023-11-15 11:58:32+00:00,2023-11-15 11:58:32+00:00,2023-11-15 12:03:32+00:00,2.0
,-28800,,stage,2023-11-15 12:03:32+00:00,2023-11-15 12:03:32+00:00,2023-11-15 12:08:32+00:00,1.0
,-28800,,stage,2023-11-15 12:08:32+00:00,2023-11-15 12:08:32+00:00,2023-11-15 12:13:32+00:00,2.0
,-28800,,stage,2023-11-15 12:13:32+00:00,2023-11-15 12:13:32+00:00,2023-11-15 12:18:32+00:00,2.0
,-28800,,stage,2023-11-15 12:18:32+00:00,2023-11-15 12:18:32+00:00,2023-11-15 12:23:32+00:00,2.0
,-28800,,stage,2023-11-15 12:23:32+00:00,2023-11-15 12:23:32+00:00,2023-11-15 12:28:32+00:00,2.0
,-28800,,stage,2023-11-15 12:28:32+00:00,2023-11-15 12:28:32+00:00,2023-11-15 12:33:32+00:00,2.0
,-28800,,stage,2023-11-15 12:33:32+00:00,2023-11-15 12:33:32+00:00,2023-11-15 12:38:32+00:00,2.0
,-28800,,stage,2023-11-15 12:38:32+00:00,2023-11-15 12:38:32+00:00,2023-11-15 12:43:32+00:00,3.0
,-28800,,stage,2023-11-15 12:43:32+00:00,2023-11-15 12:43:32+00:00,2023-11-15 12:48:32+00:00,3.0
,-28800,,stage,2023-11-15 12:48:32+00:00,2023-11-15 12:48:32+00:00,2023-11-15 12:53:32+00:00,3.0
,-28800,,stage,2023-11-15 12:53:32+00:00,2023-11-15 12:53:32+00:00,2023-11-15 12:58:32+00:00,4.0
,-28800,,stage,2023-11-15 12:58:32+00:00,2023-11-15 12:58:32+00:00,2023-11-15 13:03:32+00:00,3.0
,-28800,,stage,2023-11-15 13:03:32+00:00,2023-11-15 13:03:32+00:00,2023-11-15 13:08:32+00:00,3.0
,-28800,,stage,2023-11-15 13:08:32+00:00,2023-11-15 13:08:32+00:00,2023-11-15 13:13:32+00:00,3.0
,-28800,,stage,2023-11-15 13:13:32+00:00,2023-11-15 13:13:32+00:00,2023-11-15 13:18:32+00:00,3.0
,-28800,,stage,2023-11-15 13:18:32+00:00,2023-11-15 13:18:32+00:00,2023-11-15 13:23:32+00:00,2.0
,-28800,,stage,2023-11-15 13:23:32+00:00,2023-11-15 13:23:32+00:00,2023-11-15 13:28:32+00:00,2.0
,-28800,,stage,2023-11-15 13:28:32+00:00,2023-11-15 13:28:32+00:00,2023-11-15 13:33:32+00:00,2.0
,-28800,,stage,2023-11-15 13:33:32+00:00,2023-11-15 13:33:32+00:00,2023-11-15 13:38:32+00:00,4.0
,-28800,,stage,2023-11-16 05:42:33+00:00,2023-11-16 05:42:33+00:00,2023-11-16 05:47:33+00:00,4.0
,-28800,,stage,2023-11-16 05:47:33+00:00,2023-11-16 05:47:33+00:00,2023-11-16 05:52:33+00:00,4.0
,-28800,,stage,2023-11-16 05:52:33+00:00,2023-11-16 05:52:33+00:00,2023-11-16 05:57:33+00:00,4.0
,-28800,,stage,2023-11-16 05:57:33+00:00,2023-11-16 05:57:33+00:00,2023-11-16 06:02:33+00:00,4.0
,-28800,,stage,2023-11-16 06:02:33+00:00,2023-11-16 06:02:33+00:00,2023-11-16 06:07:33+00:00,2.0
,-28800,,stage,2023-11-16 06:07:33+00:00,2023-11-16 06:07:33+00:00,2023-11-16 06:12:33+00:00,2.0
,-28800,,stage,2023-11-16 06:12:33+00:00,2023-11-16 06:12:33+00:00,2023-11-16 06:17:33+00:00,2.0
,-28800,,stage,2023-11-16 06:17:33+00:00,2023-11-16 06:17:33+00:00,2023-11-16 06:22:33+00:00,2.0
,-28800,,stage,2023-11-16 06:22:33+00:00,2023-11-16 06:22:33+00:00,2023-11-16 06:27:33+00:00,1.0
,-28800,,stage,2023-11-16 06:27:33+00:00,2023-11-16 06:27:33+00:00,2023-11-16 06:32:33+00:00,1.0
,-28800,,stage,2023-11-16 06:32:33+00:00,2023-11-16 06:32:33+00:00,2023-11-16 06:37:33+00:00,1.0
,-28800,,stage,2023-11-16 06:37:33+00:00,2023-11-16 06:37:33+00:00,2023-11-16 06:42:33+00:00,1.0
,-28800,,stage,2023-11-16 06:42:33+00:00,2023-11-16 06:42:33+00:00,2023-11-16 06:47:33+00:00,1.0
,-28800,,stage,2023-11-16 06:47:33+00:00,2023-11-16 06:47:33+00:00,2023-11-16 06:52:33+00:00,1.0
,-28800,,stage,2023-11-16 06:52:33+00:00,2023-11-16 06:52:33+00:00,2023-11-16 06:57:33+00:00,2.0
,-28800,,stage,2023-11-16 06:57:33+00:00,2023-11-16 06:57:33+00:00,2023-11-16 07:02:33+00:00,2.0
,-28800,,stage,2023-11-16 07:02:33+00:00,2023-11-16 07:02:33+00:00,2023-11-16 07:07:33+00:00,1.0
,-28800,,stage,2023-11-16 07:07:33+00:00,2023-11-16 07:07:33+00:00,2023-11-16 07:12:33+00:00,1.0
,-28800,,stage,2023-11-16 07:12:33+00:00,2023-11-16 07:12:33+00:00,2023-11-16 07:17:33+00:00,1.0
,-28800,,stage,2023-11-16 07:17:33+00:00,2023-11-16 07:17:33+00:00,2023-11-16 07:22:33+00:00,1.0
,-28800,,stage,2023-11-16 07:22:33+00:00,2023-11-16 07:22:33+00:00,2023-11-16 07:27:33+00:00,1.0
,-28800,,stage,2023-11-16 07:27:33+00:00,2023-11-16 07:27:33+00:00,2023-11-16 07:32:33+00:00,4.0
,-28800,,stage,2023-11-16 07:32:33+00:00,2023-11-16 07:32:33+00:00,2023-11-16 07:37:33+00:00,2.0
,-28800,,stage,2023-11-16 07:37:33+00:00,2023-11-16 07:37:33+00:00,2023-11-16 07:42:33+00:00,2.0
,-28800,,stage,2023-11-16 07:42:33+00:00,2023-11-16 07:42:33+00:00,2023-11-16 07:47:33+00:00,2.0
,-28800,,stage,2023-11-16 07:47:33+00:00,2023-11-16 07:47:33+00:00,2023-11-16 07:52:33+00:00,2.0
,-28800,,stage,2023-11-16 07:52:33+00:00,2023-11-16 07:52:33+00:00,2023-11-16 07:57:33+00:00,1.0
,-28800,,stage,2023-11-16 07:57:33+00:00,2023-11-16 07:57:33+00:00,2023-11-16 08:02:33+00:00,1.0
,-28800,,stage,2023-11-16 08:02:33+00:00,2023-11-16 08:02:33+00:00,2023-11-16 08:07:33+00:00,1.0
,-28800,,stage,2023-11-16 08:07:33+00:00,2023-11-16 08:07:33+00:00,2023-11-16 08:12:33+00:00,1.0
,-28800,,stage,2023-11-16 08:12:33+00:00,2023-11-16 08:12:33+00:00,2023-11-16 08:17:33+00:00,1.0
,-28800,,stage,2023-11-16 08:17:33+00:00,2023-11-16 08:17:33+00:00,2023-11-16 08:22:33+00:00,2.0
,-28800,,stage,2023-11-16 08:22:33+00:00,2023-11-16 08:22:33+00:00,2023-11-16 08:27:33+00:00,3.0
,-28800,,stage,2023-11-16 08:27:33+00:00,2023-11-16 08:27:33+00:00,2023-11-16 08:32:33+00:00,3.0
,-28800,,stage,2023-11-16 08:32:33+00:00,2023-11-16 08:32:33+00:00,2023-11-16 08:37:33+00:00,3.0
,-28800,,stage,2023-11-16 08:37:33+00:00,2023-11-16 08:37:33+00:00,2023-11-16 08:42:33+00:00,3.0
,-28800,,stage,2023-11-16 08:42:33+00:00,2023-11-16 08:42:33+00:00,2023-11-16 08:47:33+00:00,3.0
,-28800,,stage,2023-11-16 08:47:33+00:00,2023-11-16 08:47:33+00:00,2023-11-16 08:52:33+00:00,3.0
,-28800,,stage,2023-11-16 08:52:33+00:00,2023-11-16 08:52:33+00:00,2023-11-16 08:57:33+00:00,2.0
,-28800,,stage,2023-11-16 08:57:33+00:00,2023-11-16 08:57:33+00:00,2023-11-16 09:02:33+00:00,2.0
,-28800,,stage,2023-11-16 09:02:33+00:00,2023-11-16 09:02:33+00:00,2023-11-16 09:07:33+00:00,2.0
,-28800,,stage,2023-11-16 09:07:33+00:00,2023-11-16 09:07:33+00:00,2023-11-16 09:12:33+00:00,2.0
,-28800,,stage,2023-11-16 09:12:33+00:00,2023-11-16 09:12:33+00:00,2023-11-16 09:17:33+00:00,2.0
,-28800,,stage,2023-11-16 09:17:33+00:00,2023-11-16 09:17:33+00:00,2023-11-16 09:22:33+00:00,2.0
,-28800,,stage,2023-11-16 09:22:33+00:00,2023-11-16 09:22:33+00:00,2023-11-16 09:27:33+00:00,2.0
,-28800,,stage,2023-11-16 09:27:33+00:00,2023-11-16 09:27:33+00:00,2023-11-16 09:32:33+00:00,2.0
,-28800,,stage,2023-11-16 09:32:33+00:00,2023-11-16 09:32:33+00:00,2023-11-16 09:37:33+00:00,2.0
,-28800,,stage,2023-11-16 09:37:33+00:00,2023-11-16 09:37:33+00:00,2023-11-16 09:42:33+00:00,2.0
,-28800,,stage,2023-11-16 09:42:33+00:00,2023-11-16 09:42:33+00:00,2023-11-16 09:47:33+00:00,2.0
,-28800,,stage,2023-11-16 09:47:33+00:00,2023-11-16 09:47:33+00:00,2023-11-16 09:52:33+00:00,2.0
,-28800,,stage,2023-11-16 09:52:33+00:00,2023-11-16 09:52:33+00:00,2023-11-16 09:57:33+00:00,2.0
,-28800,,stage,2023-11-16 09:57:33+00:00,2023-11-16 09:57:33+00:00,2023-11-16 10:02:33+00:00,3.0
,-28800,,stage,2023-11-16 10:02:33+00:00,2023-11-16 10:02:33+00:00,2023-11-16 10:07:33+00:00,3.0
,-28800,,stage,2023-11-16 10:07:33+00:00,2023-11-16 10:07:33+00:00,2023-11-16 10:12:33+00:00,3.0
,-28800,,stage,2023-11-16 10:12:33+00:00,2023-11-16 10:12:33+00:00,2023-11-16 10:17:33+00:00,4.0
,-28800,,stage,2023-11-16 10:17:33+00:00,2023-11-16 10:17:33+00:00,2023-11-16 10:22:33+00:00,3.0
,-28800,,stage,2023-11-16 10:22:33+00:00,2023-11-16 10:22:33+00:00,2023-11-16 10:27:33+00:00,3.0
,-28800,,stage,2023-11-16 10:27:33+00:00,2023-11-16 10:27:33+00:00,2023-11-16 10:32:33+00:00,2.0
,-28800,,stage,2023-11-16 10:32:33+00:00,2023-11-16 10:32:33+00:00,2023-11-16 10:37:33+00:00,2.0
,-28800,,stage,2023-11-16 10:37:33+00:00,2023-11-16 10:37:33+00:00,2023-11-16 10:42:33+00:00,2.0
,-28800,,stage,2023-11-16 10:42:33+00:00,2023-11-16 10:42:33+00:00,2023-11-16 10:47:33+00:00,2.0
,-28800,,stage,2023-11-16 10:47:33+00:00,2023-11-16 10:47:33+00:00,2023-11-16 10:52:33+00:00,2.0
,-28800,,stage,2023-11-16 10:52:33+00:00,2023-11-16 10:52:33+00:00,2023-11-16 10:57:33+00:00,2.0
,-28800,,stage,2023-11-16 10:57:33+00:00,2023-11-16 10:57:33+00:00,2023-11-16 11:02:33+00:00,2.0
,-28800,,stage,2023-11-16 11:02:33+00:00,2023-11-16 11:02:33+00:00,2023-11-16 11:07:33+00:00,2.0
,-28800,,stage,2023-11-16 11:07:33+00:00,2023-11-16 11:07:33+00:00,2023-11-16 11:12:33+00:00,2.0
,-28800,,stage,2023-11-16 11:12:33+00:00,2023-11-16 11:12:33+00:00,2023-11-16 11:17:33+00:00,2.0
,-28800,,stage,2023-11-16 11:17:33+00:00,2023-11-16 11:17:33+00:00,2023-11-16 11:22:33+00:00,2.0
,-28800,,stage,2023-11-16 11:22:33+00:00,2023-11-16 11:22:33+00:00,2023-11-16 11:27:33+00:00,2.0
,-28800,,stage,2023-11-16 11:27:33+00:00,2023-11-16 11:27:33+00:00,2023-11-16 11:32:33+00:00,3.0
,-28800,,stage,2023-11-16 11:32:33+00:00,2023-11-16 11:32:33+00:00,2023-11-16 11:37:33+00:00,3.0
,-28800,,stage,2023-11-16 11:37:33+00:00,2023-11-16 11:37:33+00:00,2023-11-16 11:42:33+00:00,3.0
,-28800,,stage,2023-11-16 11:42:33+00:00,2023-11-16 11:42:33+00:00,2023-11-16 11:47:33+00:00,3.0
,-28800,,stage,2023-11-16 11:47:33+00:00,2023-11-16 11:47:33+00:00,2023-11-16 11:52:33+00:00,3.0
,-28800,,stage,2023-11-16 11:52:33+00:00,2023-11-16 11:52:33+00:00,2023-11-16 11:57:33+00:00,3.0
,-28800,,stage,2023-11-16 11:57:33+00:00,2023-11-16 11:57:33+00:00,2023-11-16 12:02:33+00:00,3.0
,-28800,,stage,2023-11-16 12:02:33+00:00,2023-11-16 12:02:33+00:00,2023-11-16 12:07:33+00:00,3.0
,-28800,,stage,2023-11-16 12:07:33+00:00,2023-11-16 12:07:33+00:00,2023-11-16 12:12:33+00:00,3.0
,-28800,,stage,2023-11-16 12:12:33+00:00,2023-11-16 12:12:33+00:00,2023-11-16 12:17:33+00:00,3.0
,-28800,,stage,2023-11-16 12:17:33+00:00,2023-11-16 12:17:33+00:00,2023-11-16 12:22:33+00:00,2.0
,-28800,,stage,2023-11-16 12:22:33+00:00,2023-11-16 12:22:33+00:00,2023-11-16 12:27:33+00:00,2.0
,-28800,,stage,2023-11-16 12:27:33+00:00,2023-11-16 12:27:33+00:00,2023-11-16 12:32:33+00:00,2.0
,-28800,,stage,2023-11-16 12:32:33+00:00,2023-11-16 12:32:33+00:00,2023-11-16 12:37:33+00:00,2.0
,-28800,,stage,2023-11-16 12:37:33+00:00,2023-11-16 12:37:33+00:00,2023-11-16 12:42:33+00:00,2.0
,-28800,,stage,2023-11-16 12:42:33+00:00,2023-11-16 12:42:33+00:00,2023-11-16 12:47:33+00:00,2.0
,-28800,,stage,2023-11-16 12:47:33+00:00,2023-11-16 12:47:33+00:00,2023-11-16 12:52:33+00:00,2.0
,-28800,,stage,2023-11-16 12:52:33+00:00,2023-11-16 12:52:33+00:00,2023-11-16 12:57:33+00:00,2.0
,-28800,,stage,2023-11-16 12:57:33+00:00,2023-11-16 12:57:33+00:00,2023-11-16 13:02:33+00:00,2.0
,-28800,,stage,2023-11-16 13:02:33+00:00,2023-11-16 13:02:33+00:00,2023-11-16 13:07:33+00:00,2.0
,-28800,,stage,2023-11-16 13:07:33+00:00,2023-11-16 13:07:33+00:00,2023-11-16 13:12:33+00:00,4.0
,-28800,,stage,2023-11-16 13:12:33+00:00,2023-11-16 13:12:33+00:00,2023-11-16 13:17:33+00:00,3.0
,-28800,,stage,2023-11-16 13:17:33+00:00,2023-11-16 13:17:33+00:00,2023-11-16 13:22:33+00:00,3.0
,-28800,,stage,2023-11-16 13:22:33+00:00,2023-11-16 13:22:33+00:00,2023-11-16 13:27:33+00:00,3.0
,-28800,,stage,2023-11-16 13:27:33+00:00,2023-11-16 13:27:33+00:00,2023-11-16 13:32:33+00:00,3.0
,-28800,,stage,2023-11-16 13:32:33+00:00,2023-11-16 13:32:33+00:00,2023-11-16 13:37:33+00:00,2.0
,-28800,,stage,2023-11-16 13:37:33+00:00,2023-11-16 13:37:33+00:00,2023-11-16 13:42:33+00:00,2.0
,-28800,,stage,2023-11-16 13:42:33+00:00,2023-11-16 13:42:33+00:00,2023-11-16 13:47:33+00:00,2.0
,-28800,,stage,2023-11-16 13:47:33+00:00,2023-11-16 13:47:33+00:00,2023-11-16 13:52:33+00:00,2.0
,-28800,,stage,2023-11-16 13:52:33+00:00,2023-11-16 13:52:33+00:00,2023-11-16 13:57:33+00:00,2.0
,-28800,,stage,2023-11-16 13:57:33+00:00,2023-11-16 13:57:33+00:00,2023-11-16 14:02:33+00:00,2.0
,-28800,,stage,2023-11-16 14:02:33+00:00,2023-11-16 14:02:33+00:00,2023-11-16 14:07:33+00:00,2.0
,-28800,,stage,2023-11-16 14:07:33+00:00,2023-11-16 14:07:33+00:00,2023-11-16 14:12:33+00:00,2.0
,-28800,,stage,2023-11-16 14:12:33+00:00,2023-11-16 14:12:33+00:00,2023-11-16 14:17:33+00:00,2.0
,-28800,,stage,2023-11-16 14:17:33+00:00,2023-11-16 14:17:33+00:00,2023-11-16 14:22:33+00:00,2.0
,-28800,,stage,2023-11-16 14:22:33+00:00,2023-11-16 14:22:33+00:00,2023-11-16 14:27:33+00:00,4.0
,-28800,,stage,2023-11-16 14:27:33+00:00,2023-11-16 14:27:33+00:00,2023-11-16 14:32:33+00:00,4.0
,-28800,,stage,2023-11-16 14:32:33+00:00,2023-11-16 14:32:33+00:00,2023-11-16 14:37:33+00:00,2.0
,-28800,,stage,2023-11-16 14:37:33+00:00,2023-11-16 14:37:33+00:00,2023-11-16 14:42:33+00:00,2.0
,-28800,,stage,2023-11-16 14:42:33+00:00,2023-11-16 14:42:33+00:00,2023-11-16 14:47:33+00:00,4.0
,-28800,,stage,2023-11-16 14:47:33+00:00,2023-11-16 14:47:33+00:00,2023-11-16 14:52:33+00:00,2.0
,-28800,,stage,2023-11-16 14:52:33+00:00,2023-11-16 14:52:33+00:00,2023-11-16 14:57:33+00:00,3.0
,-28800,,stage,2023-11-16 14:57:33+00:00,2023-11-16 14:57:33+00:00,2023-11-16 15:02:33+00:00,2.0
,-28800,,stage,2023-11-16 15:02:33+00:00,2023-11-16 15:02:33+00:00,2023-11-16 15:07:33+00:00,2.0
,-28800,,stage,2023-11-16 15:07:33+00:00,2023-11-16 15:07:33+00:00,2023-11-16 15:12:33+00:00,2.0
,-28800,,stage,2023-11-16 15:12:33+00:00,2023-11-16 15:12:33+00:00,2023-11-16 15:17:33+00:00,2.0
,-28800,,stage,2023-11-16 15:17:33+00:00,2023-11-16 15:17:33+00:00,2023-11-16 15:22:33+00:00,2.0
,-28800,,stage,2023-11-16 15:22:33+00:00,2023-11-16 15:22:33+00:00,2023-11-16 15:27:33+00:00,2.0
,-28800,,stage,2023-11-16 15:27:33+00:00,2023-11-16 15:27:33+00:00,2023-11-16 15:32:33+00:00,2.0
,-28800,,stage,2023-11-16 15:32:33+00:00,2023-11-16 15:32:33+00:00,2023-11-16 15:37:33+00:00,2.0
,-28800,,stage,2023-11-16 15:37:33+00:00,2023-11-16 15:37:33+00:00,2023-11-16 15:42:33+00:00,2.0
,-28800,,stage,2023-11-16 15:42:33+00:00,2023-11-16 15:42:33+00:00,2023-11-16 15:47:33+00:00,2.0
,-28800,,stage,2023-11-16 15:47:33+00:00,2023-11-16 15:47:33+00:00,2023-11-16 15:52:33+00:00,2.0
,-28800,,stage,2023-11-16 15:52:33+00:00,2023-11-16 15:52:33+00:00,2023-11-16 15:57:33+00:00,2.0
,-28800,,stage,2023-11-17 05:55:30+00:00,2023-11-17 05:55:30+00:00,2023-11-17 06:00:30+00:00,4.0
,-28800,,stage,2023-11-17 05:55:31+00:00,2023-11-17 05:55:31+00:00,2023-11-17 06:00:31+00:00,4.0
,-28800,,stage,2023-11-17 06:00:30+00:00,2023-11-17 06:00:30+00:00,2023-11-17 06:05:30+00:00,4.0
,-28800,,stage,2023-11-17 06:00:31+00:00,2023-11-17 06:00:31+00:00,2023-11-17 06:05:31+00:00,4.0
,-28800,,stage,2023-11-17 06:05:30+00:00,2023-11-17 06:05:30+00:00,2023-11-17 06:10:30+00:00,4.0
,-28800,,stage,2023-11-17 06:05:31+00:00,2023-11-17 06:05:31+00:00,2023-11-17 06:10:31+00:00,4.0
,-28800,,stage,2023-11-17 06:10:30+00:00,2023-11-17 06:10:30+00:00,2023-11-17 06:15:30+00:00,4.0
,-28800,,stage,2023-11-17 06:10:31+00:00,2023-11-17 06:10:31+00:00,2023-11-17 06:15:31+00:00,4.0
,-28800,,stage,2023-11-17 06:15:30+00:00,2023-11-17 06:15:30+00:00,2023-11-17 06:20:30+00:00,2.0
,-28800,,stage,2023-11-17 06:15:31+00:00,2023-11-17 06:15:31+00:00,2023-11-17 06:20:31+00:00,2.0
,-28800,,stage,2023-11-17 06:20:30+00:00,2023-11-17 06:20:30+00:00,2023-11-17 06:25:30+00:00,2.0
,-28800,,stage,2023-11-17 06:20:31+00:00,2023-11-17 06:20:31+00:00,2023-11-17 06:25:31+00:00,2.0
,-28800,,stage,2023-11-17 06:25:30+00:00,2023-11-17 06:25:30+00:00,2023-11-17 06:30:30+00:00,2.0
,-28800,,stage,2023-11-17 06:25:31+00:00,2023-11-17 06:25:31+00:00,2023-11-17 06:30:31+00:00,2.0
,-28800,,stage,2023-11-17 06:30:30+00:00,2023-11-17 06:30:30+00:00,2023-11-17 06:35:30+00:00,1.0
,-28800,,stage,2023-11-17 06:30:31+00:00,2023-11-17 06:30:31+00:00,2023-11-17 06:35:31+00:00,1.0
,-28800,,stage,2023-11-17 06:35:30+00:00,2023-11-17 06:35:30+00:00,2023-11-17 06:40:30+00:00,2.0
,-28800,,stage,2023-11-17 06:35:31+00:00,2023-11-17 06:35:31+00:00,2023-11-17 06:40:31+00:00,2.0
,-28800,,stage,2023-11-17 06:40:30+00:00,2023-11-17 06:40:30+00:00,2023-11-17 06:45:30+00:00,1.0
,-28800,,stage,2023-11-17 06:40:31+00:00,2023-11-17 06:40:31+00:00,2023-11-17 06:45:31+00:00,1.0
,-28800,,stage,2023-11-17 06:45:30+00:00,2023-11-17 06:45:30+00:00,2023-11-17 06:50:30+00:00,1.0
,-28800,,stage,2023-11-17 06:45:31+00:00,2023-11-17 06:45:31+00:00,2023-11-17 06:50:31+00:00,1.0
,-28800,,stage,2023-11-17 06:50:30+00:00,2023-11-17 06:50:30+00:00,2023-11-17 06:55:30+00:00,1.0
,-28800,,stage,2023-11-17 06:50:31+00:00,2023-11-17 06:50:31+00:00,2023-11-17 06:55:31+00:00,1.0
,-28800,,stage,2023-11-17 06:55:30+00:00,2023-11-17 06:55:30+00:00,2023-11-17 07:00:30+00:00,1.0
,-28800,,stage,2023-11-17 06:55:31+00:00,2023-11-17 06:55:31+00:00,2023-11-17 07:00:31+00:00,1.0
,-28800,,stage,2023-11-17 07:00:30+00:00,2023-11-17 07:00:30+00:00,2023-11-17 07:05:30+00:00,4.0
,-28800,,stage,2023-11-17 07:00:31+00:00,2023-11-17 07:00:31+00:00,2023-11-17 07:05:31+00:00,4.0
,-28800,,stage,2023-11-17 07:05:30+00:00,2023-11-17 07:05:30+00:00,2023-11-17 07:10:30+00:00,2.0
,-28800,,stage,2023-11-17 07:05:31+00:00,2023-11-17 07:05:31+00:00,2023-11-17 07:10:31+00:00,2.0
,-28800,,stage,2023-11-17 07:10:30+00:00,2023-11-17 07:10:30+00:00,2023-11-17 07:15:30+00:00,2.0
,-28800,,stage,2023-11-17 07:10:31+00:00,2023-11-17 07:10:31+00:00,2023-11-17 07:15:31+00:00,2.0
,-28800,,stage,2023-11-17 07:15:30+00:00,2023-11-17 07:15:30+00:00,2023-11-17 07:20:30+00:00,1.0
,-28800,,stage,2023-11-17 07:15:31+00:00,2023-11-17 07:15:31+00:00,2023-11-17 07:20:31+00:00,4.0
,-28800,,stage,2023-11-17 07:20:30+00:00,2023-11-17 07:20:30+00:00,2023-11-17 07:25:30+00:00,4.0
,-28800,,stage,2023-11-17 07:20:31+00:00,2023-11-17 07:20:31+00:00,2023-11-17 07:25:31+00:00,4.0
,-28800,,stage,2023-11-17 07:25:30+00:00,2023-11-17 07:25:30+00:00,2023-11-17 07:30:30+00:00,2.0
,-28800,,stage,2023-11-17 07:25:31+00:00,2023-11-17 07:25:31+00:00,2023-11-17 07:30:31+00:00,2.0
,-28800,,stage,2023-11-17 07:30:30+00:00,2023-11-17 07:30:30+00:00,2023-11-17 07:35:30+00:00,2.0
,-28800,,stage,2023-11-17 07:30:31+00:00,2023-11-17 07:30:31+00:00,2023-11-17 07:35:31+00:00,2.0
,-28800,,stage,2023-11-17 07:35:30+00:00,2023-11-17 07:35:30+00:00,2023-11-17 07:40:30+00:00,2.0
,-28800,,stage,2023-11-17 07:35:31+00:00,2023-11-17 07:35:31+00:00,2023-11-17 07:40:31+00:00,2.0
,-28800,,stage,2023-11-17 07:40:30+00:00,2023-11-17 07:40:30+00:00,2023-11-17 07:45:30+00:00,2.0
,-28800,,stage,2023-11-17 07:40:31+00:00,2023-11-17 07:40:31+00:00,2023-11-17 07:45:31+00:00,2.0
,-28800,,stage,2023-11-17 07:45:30+00:00,2023-11-17 07:45:30+00:00,2023-11-17 07:50:30+00:00,2.0
,-28800,,stage,2023-11-17 07:45:31+00:00,2023-11-17 07:45:31+00:00,2023-11-17 07:50:31+00:00,2.0
,-28800,,stage,2023-11-17 07:50:30+00:00,2023-11-17 07:50:30+00:00,2023-11-17 07:55:30+00:00,2.0
,-28800,,stage,2023-11-17 07:50:31+00:00,2023-11-17 07:50:31+00:00,2023-11-17 07:55:31+00:00,2.0
,-28800,,stage,2023-11-17 07:55:30+00:00,2023-11-17 07:55:30+00:00,2023-11-17 08:00:30+00:00,2.0
,-28800,,stage,2023-11-17 07:55:31+00:00,2023-11-17 07:55:31+00:00,2023-11-17 08:00:31+00:00,2.0
,-28800,,stage,2023-11-17 08:00:30+00:00,2023-11-17 08:00:30+00:00,2023-11-17 08:05:30+00:00,3.0
,-28800,,stage,2023-11-17 08:00:31+00:00,2023-11-17 08:00:31+00:00,2023-11-17 08:05:31+00:00,3.0
,-28800,,stage,2023-11-17 08:05:30+00:00,2023-11-17 08:05:30+00:00,2023-11-17 08:10:30+00:00,3.0
,-28800,,stage,2023-11-17 08:05:31+00:00,2023-11-17 08:05:31+00:00,2023-11-17 08:10:31+00:00,3.0
,-28800,,stage,2023-11-17 08:10:30+00:00,2023-11-17 08:10:30+00:00,2023-11-17 08:15:30+00:00,3.0
,-28800,,stage,2023-11-17 08:10:31+00:00,2023-11-17 08:10:31+00:00,2023-11-17 08:15:31+00:00,3.0
,-28800,,stage,2023-11-17 08:15:30+00:00,2023-11-17 08:15:30+00:00,2023-11-17 08:20:30+00:00,3.0
,-28800,,stage,2023-11-17 08:15:31+00:00,2023-11-17 08:15:31+00:00,2023-11-17 08:20:31+00:00,3.0
,-28800,,stage,2023-11-17 08:20:30+00:00,2023-11-17 08:20:30+00:00,2023-11-17 08:25:30+00:00,2.0
,-28800,,stage,2023-11-17 08:20:31+00:00,2023-11-17 08:20:31+00:00,2023-11-17 08:25:31+00:00,2.0
,-28800,,stage,2023-11-17 08:25:30+00:00,2023-11-17 08:25:30+00:00,2023-11-17 08:30:30+00:00,2.0
,-28800,,stage,2023-11-17 08:25:31+00:00,2023-11-17 08:25:31+00:00,2023-11-17 08:30:31+00:00,2.0
,-28800,,stage,2023-11-17 08:30:30+00:00,2023-11-17 08:30:30+00:00,2023-11-17 08:35:30+00:00,1.0
,-28800,,stage,2023-11-17 08:30:31+00:00,2023-11-17 08:30:31+00:00,2023-11-17 08:35:31+00:00,2.0
,-28800,,stage,2023-11-17 08:35:30+00:00,2023-11-17 08:35:30+00:00,2023-11-17 08:40:30+00:00,1.0
,-28800,,stage,2023-11-17 08:35:31+00:00,2023-11-17 08:35:31+00:00,2023-11-17 08:40:31+00:00,1.0
,-28800,,stage,2023-11-17 08:40:30+00:00,2023-11-17 08:40:30+00:00,2023-11-17 08:45:30+00:00,1.0
,-28800,,stage,2023-11-17 08:40:31+00:00,2023-11-17 08:40:31+00:00,2023-11-17 08:45:31+00:00,1.0
,-28800,,stage,2023-11-17 08:45:30+00:00,2023-11-17 08:45:30+00:00,2023-11-17 08:50:30+00:00,1.0
,-28800,,stage,2023-11-17 08:45:31+00:00,2023-11-17 08:45:31+00:00,2023-11-17 08:50:31+00:00,1.0
,-28800,,stage,2023-11-17 08:50:30+00:00,2023-11-17 08:50:30+00:00,2023-11-17 08:55:30+00:00,2.0
,-28800,,stage,2023-11-17 08:50:31+00:00,2023-11-17 08:50:31+00:00,2023-11-17 08:55:31+00:00,2.0
,-28800,,stage,2023-11-17 08:55:30+00:00,2023-11-17 08:55:30+00:00,2023-11-17 09:00:30+00:00,2.0
,-28800,,stage,2023-11-17 08:55:31+00:00,2023-11-17 08:55:31+00:00,2023-11-17 09:00:31+00:00,2.0
,-28800,,stage,2023-11-17 09:00:30+00:00,2023-11-17 09:00:30+00:00,2023-11-17 09:05:30+00:00,2.0
,-28800,,stage,2023-11-17 09:00:31+00:00,2023-11-17 09:00:31+00:00,2023-11-17 09:05:31+00:00,2.0
,-28800,,stage,2023-11-17 09:05:30+00:00,2023-11-17 09:05:30+00:00,2023-11-17 09:10:30+00:00,2.0
,-28800,,stage,2023-11-17 09:05:31+00:00,2023-11-17 09:05:31+00:00,2023-11-17 09:10:31+00:00,2.0
,-28800,,stage,2023-11-17 09:10:30+00:00,2023-11-17 09:10:30+00:00,2023-11-17 09:15:30+00:00,2.0
,-28800,,stage,2023-11-17 09:10:31+00:00,2023-11-17 09:10:31+00:00,2023-11-17 09:15:31+00:00,2.0
,-28800,,stage,2023-11-17 09:15:30+00:00,2023-11-17 09:15:30+00:00,2023-11-17 09:20:30+00:00,2.0
,-28800,,stage,2023-11-17 09:15:31+00:00,2023-11-17 09:15:31+00:00,2023-11-17 09:20:31+00:00,2.0
,-28800,,stage,2023-11-17 09:20:30+00:00,2023-11-17 09:20:30+00:00,2023-11-17 09:25:30+00:00,1.0
,-28800,,stage,2023-11-17 09:20:31+00:00,2023-11-17 09:20:31+00:00,2023-11-17 09:25:31+00:00,1.0
,-28800,,stage,2023-11-17 09:25:30+00:00,2023-11-17 09:25:30+00:00,2023-11-17 09:30:30+00:00,1.0
,-28800,,stage,2023-11-17 09:25:31+00:00,2023-11-17 09:25:31+00:00,2023-11-17 09:30:31+00:00,1.0
,-28800,,stage,2023-11-17 09:30:30+00:00,2023-11-17 09:30:30+00:00,2023-11-17 09:35:30+00:00,2.0
,-28800,,stage,2023-11-17 09:30:31+00:00,2023-11-17 09:30:31+00:00,2023-11-17 09:35:31+00:00,2.0
,-28800,,stage,2023-11-17 09:35:30+00:00,2023-11-17 09:35:30+00:00,2023-11-17 09:40:30+00:00,2.0
,-28800,,stage,2023-11-17 09:35:31+00:00,2023-11-17 09:35:31+00:00,2023-11-17 09:40:31+00:00,2.0
,-28800,,stage,2023-11-17 09:40:30+00:00,2023-11-17 09:40:30+00:00,2023-11-17 09:45:30+00:00,2.0
,-28800,,stage,2023-11-17 09:40:31+00:00,2023-11-17 09:40:31+00:00,2023-11-17 09:45:31+00:00,2.0
,-28800,,stage,2023-11-17 09:45:30+00:00,2023-11-17 09:45:30+00:00,2023-11-17 09:50:30+00:00,2.0
,-28800,,stage,2023-11-17 09:45:31+00:00,2023-11-17 09:45:31+00:00,2023-11-17 09:50:31+00:00,2.0
,-28800,,stage,2023-11-17 09:50:30+00:00,2023-11-17 09:50:30+00:00,2023-11-17 09:55:30+00:00,3.0
,-28800,,stage,2023-11-17 09:50:31+00:00,2023-11-17 09:50:31+00:00,2023-11-17 09:55:31+00:00,3.0
,-28800,,stage,2023-11-17 09:55:30+00:00,2023-11-17 09:55:30+00:00,2023-11-17 10:00:30+00:00,3.0
,-28800,,stage,2023-11-17 09:55:31+00:00,2023-11-17 09:55:31+00:00,2023-11-17 10:00:31+00:00,3.0
,-28800,,stage,2023-11-17 10:00:30+00:00,2023-11-17 10:00:30+00:00,2023-11-17 10:05:30+00:00,3.0
,-28800,,stage,2023-11-17 10:00:31+00:00,2023-11-17 10:00:31+00:00,2023-11-17 10:05:31+00:00,3.0
,-28800,,stage,2023-11-17 10:05:30+00:00,2023-11-17 10:05:30+00:00,2023-11-17 10:10:30+00:00,4.0
,-28800,,stage,2023-11-17 10:05:31+00:00,2023-11-17 10:05:31+00:00,2023-11-17 10:10:31+00:00,4.0
,-28800,,stage,2023-11-17 10:10:30+00:00,2023-11-17 10:10:30+00:00,2023-11-17 10:15:30+00:00,4.0
,-28800,,stage,2023-11-17 10:10:31+00:00,2023-11-17 10:10:31+00:00,2023-11-17 10:15:31+00:00,4.0
,-28800,,stage,2023-11-17 10:15:30+00:00,2023-11-17 10:15:30+00:00,2023-11-17 10:20:30+00:00,4.0
,-28800,,stage,2023-11-17 10:15:31+00:00,2023-11-17 10:15:31+00:00,2023-11-17 10:20:31+00:00,4.0
,-28800,,stage,2023-11-17 10:20:30+00:00,2023-11-17 10:20:30+00:00,2023-11-17 10:25:30+00:00,2.0
,-28800,,stage,2023-11-17 10:20:31+00:00,2023-11-17 10:20:31+00:00,2023-11-17 10:25:31+00:00,2.0
,-28800,,stage,2023-11-17 10:25:30+00:00,2023-11-17 10:25:30+00:00,2023-11-17 10:30:30+00:00,2.0
,-28800,,stage,2023-11-17 10:25:31+00:00,2023-11-17 10:25:31+00:00,2023-11-17 10:30:31+00:00,2.0
,-28800,,stage,2023-11-17 10:30:30+00:00,2023-11-17 10:30:30+00:00,2023-11-17 10:35:30+00:00,1.0
,-28800,,stage,2023-11-17 10:30:31+00:00,2023-11-17 10:30:31+00:00,2023-11-17 10:35:31+00:00,1.0
,-28800,,stage,2023-11-17 10:35:30+00:00,2023-11-17 10:35:30+00:00,2023-11-17 10:40:30+00:00,2.0
,-28800,,stage,2023-11-17 10:35:31+00:00,2023-11-17 10:35:31+00:00,2023-11-17 10:40:31+00:00,2.0
,-28800,,stage,2023-11-17 10:40:30+00:00,2023-11-17 10:40:30+00:00,2023-11-17 10:45:30+00:00,2.0
,-28800,,stage,2023-11-17 10:40:31+00:00,2023-11-17 10:40:31+00:00,2023-11-17 10:45:31+00:00,2.0
,-28800,,stage,2023-11-17 10:45:30+00:00,2023-11-17 10:45:30+00:00,2023-11-17 10:50:30+00:00,2.0
,-28800,,stage,2023-11-17 10:45:31+00:00,2023-11-17 10:45:31+00:00,2023-11-17 10:50:31+00:00,2.0
,-28800,,stage,2023-11-17 10:50:30+00:00,2023-11-17 10:50:30+00:00,2023-11-17 10:55:30+00:00,2.0
,-28800,,stage,2023-11-17 10:50:31+00:00,2023-11-17 10:50:31+00:00,2023-11-17 10:55:31+00:00,2.0
,-28800,,stage,2023-11-17 10:55:30+00:00,2023-11-17 10:55:30+00:00,2023-11-17 11:00:30+00:00,1.0
,-28800,,stage,2023-11-17 10:55:31+00:00,2023-11-17 10:55:31+00:00,2023-11-17 11:00:31+00:00,2.0
,-28800,,stage,2023-11-17 11:00:30+00:00,2023-11-17 11:00:30+00:00,2023-11-17 11:05:30+00:00,2.0
,-28800,,stage,2023-11-17 11:00:31+00:00,2023-11-17 11:00:31+00:00,2023-11-17 11:05:31+00:00,2.0
,-28800,,stage,2023-11-17 11:05:30+00:00,2023-11-17 11:05:30+00:00,2023-11-17 11:10:30+00:00,2.0
,-28800,,stage,2023-11-17 11:05:31+00:00,2023-11-17 11:05:31+00:00,2023-11-17 11:10:31+00:00,2.0
,-28800,,stage,2023-11-17 11:10:30+00:00,2023-11-17 11:10:30+00:00,2023-11-17 11:15:30+00:00,2.0
,-28800,,stage,2023-11-17 11:10:31+00:00,2023-11-17 11:10:31+00:00,2023-11-17 11:15:31+00:00,2.0
,-28800,,stage,2023-11-17 11:15:30+00:00,2023-11-17 11:15:30+00:00,2023-11-17 11:20:30+00:00,2.0
,-28800,,stage,2023-11-17 11:15:31+00:00,2023-11-17 11:15:31+00:00,2023-11-17 11:20:31+00:00,2.0
,-28800,,stage,2023-11-17 11:20:30+00:00,2023-11-17 11:20:30+00:00,2023-11-17 11:25:30+00:00,2.0
,-28800,,stage,2023-11-17 11:20:31+00:00,2023-11-17 11:20:31+00:00,2023-11-17 11:25:31+00:00,2.0
,-28800,,stage,2023-11-17 11:25:30+00:00,2023-11-17 11:25:30+00:00,2023-11-17 11:30:30+00:00,2.0
,-28800,,stage,2023-11-17 11:25:31+00:00,2023-11-17 11:25:31+00:00,2023-11-17 11:30:31+00:00,2.0
,-28800,,stage,2023-11-17 11:30:30+00:00,2023-11-17 11:30:30+00:00,2023-11-17 11:35:30+00:00,2.0
,-28800,,stage,2023-11-17 11:30:31+00:00,2023-11-17 11:30:31+00:00,2023-11-17 11:35:31+00:00,2.0
,-28800,,stage,2023-11-17 11:35:30+00:00,2023-11-17 11:35:30+00:00,2023-11-17 11:40:30+00:00,3.0
,-28800,,stage,2023-11-17 11:35:31+00:00,2023-11-17 11:35:31+00:00,2023-11-17 11:40:31+00:00,3.0
,-28800,,stage,2023-11-17 11:40:30+00:00,2023-11-17 11:40:30+00:00,2023-11-17 11:45:30+00:00,3.0
,-28800,,stage,2023-11-17 11:40:31+00:00,2023-11-17 11:40:31+00:00,2023-11-17 11:45:31+00:00,3.0
,-28800,,stage,2023-11-17 11:45:30+00:00,2023-11-17 11:45:30+00:00,2023-11-17 11:50:30+00:00,3.0
,-28800,,stage,2023-11-17 11:45:31+00:00,2023-11-17 11:45:31+00:00,2023-11-17 11:50:31+00:00,3.0
,-28800,,stage,2023-11-17 11:50:30+00:00,2023-11-17 11:50:30+00:00,2023-11-17 11:55:30+00:00,2.0
,-28800,,stage,2023-11-17 11:50:31+00:00,2023-11-17 11:50:31+00:00,2023-11-17 11:55:31+00:00,4.0
,-28800,,stage,2023-11-17 11:55:30+00:00,2023-11-17 11:55:30+00:00,2023-11-17 12:00:30+00:00,2.0
,-28800,,stage,2023-11-17 11:55:31+00:00,2023-11-17 11:55:31+00:00,2023-11-17 12:00:31+00:00,2.0
,-28800,,stage,2023-11-17 12:00:30+00:00,2023-11-17 12:00:30+00:00,2023-11-17 12:05:30+00:00,2.0
,-28800,,stage,2023-11-17 12:00:31+00:00,2023-11-17 12:00:31+00:00,2023-11-17 12:05:31+00:00,2.0
,-28800,,stage,2023-11-17 12:05:30+00:00,2023-11-17 12:05:30+00:00,2023-11-17 12:10:30+00:00,2.0
,-28800,,stage,2023-11-17 12:05:31+00:00,2023-11-17 12:05:31+00:00,2023-11-17 12:10:31+00:00,2.0
,-28800,,stage,2023-11-17 12:10:30+00:00,2023-11-17 12:10:30+00:00,2023-11-17 12:15:30+00:00,2.0
,-28800,,stage,2023-11-17 12:10:31+00:00,2023-11-17 12:10:31+00:00,2023-11-17 12:15:31+00:00,2.0
,-28800,,stage,2023-11-17 12:15:30+00:00,2023-11-17 12:15:30+00:00,2023-11-17 12:20:30+00:00,2.0
,-28800,,stage,2023-11-17 12:15:31+00:00,2023-11-17 12:15:31+00:00,2023-11-17 12:20:31+00:00,2.0
,-28800,,stage,2023-11-17 12:20:30+00:00,2023-11-17 12:20:30+00:00,2023-11-17 12:25:30+00:00,2.0
,-28800,,stage,2023-11-17 12:20:31+00:00,2023-11-17 12:20:31+00:00,2023-11-17 12:25:31+00:00,2.0
,-28800,,stage,2023-11-17 12:25:30+00:00,2023-11-17 12:25:30+00:00,2023-11-17 12:30:30+00:00,2.0
,-28800,,stage,2023-11-17 12:25:31+00:00,2023-11-17 12:25:31+00:00,2023-11-17 12:30:31+00:00,2.0
,-28800,,stage,2023-11-17 12:30:30+00:00,2023-11-17 12:30:30+00:00,2023-11-17 12:35:30+00:00,2.0
,-28800,,stage,2023-11-17 12:30:31+00:00,2023-11-17 12:30:31+00:00,2023-11-17 12:35:31+00:00,2.0
,-28800,,stage,2023-11-17 12:35:30+00:00,2023-11-17 12:35:30+00:00,2023-11-17 12:40:30+00:00,2.0
,-28800,,stage,2023-11-17 12:35:31+00:00,2023-11-17 12:35:31+00:00,2023-11-17 12:40:31+00:00,2.0
,-28800,,stage,2023-11-17 12:40:30+00:00,2023-11-17 12:40:30+00:00,2023-11-17 12:45:30+00:00,2.0
,-28800,,stage,2023-11-17 12:40:31+00:00,2023-11-17 12:40:31+00:00,2023-11-17 12:45:31+00:00,2.0
,-28800,,stage,2023-11-17 12:45:30+00:00,2023-11-17 12:45:30+00:00,2023-11-17 12:50:30+00:00,2.0
,-28800,,stage,2023-11-17 12:45:31+00:00,2023-11-17 12:45:31+00:00,2023-11-17 12:50:31+00:00,2.0
,-28800,,stage,2023-11-17 12:50:30+00:00,2023-11-17 12:50:30+00:00,2023-11-17 12:55:30+00:00,2.0
,-28800,,stage,2023-11-17 12:50:31+00:00,2023-11-17 12:50:31+00:00,2023-11-17 12:55:31+00:00,2.0
,-28800,,stage,2023-11-17 12:55:30+00:00,2023-11-17 12:55:30+00:00,2023-11-17 13:00:30+00:00,2.0
,-28800,,stage,2023-11-17 12:55:31+00:00,2023-11-17 12:55:31+00:00,2023-11-17 13:00:31+00:00,2.0
,-28800,,stage,2023-11-17 13:00:30+00:00,2023-11-17 13:00:30+00:00,2023-11-17 13:05:30+00:00,2.0
,-28800,,stage,2023-11-17 13:00:31+00:00,2023-11-17 13:00:31+00:00,2023-11-17 13:05:31+00:00,2.0
,-28800,,stage,2023-11-17 13:05:30+00:00,2023-11-17 13:05:30+00:00,2023-11-17 13:10:30+00:00,2.0
,-28800,,stage,2023-11-17 13:05:31+00:00,2023-11-17 13:05:31+00:00,2023-11-17 13:10:31+00:00,2.0
,-28800,,stage,2023-11-17 13:10:30+00:00,2023-11-17 13:10:30+00:00,2023-11-17 13:15:30+00:00,3.0
,-28800,,stage,2023-11-17 13:10:31+00:00,2023-11-17 13:10:31+00:00,2023-11-17 13:15:31+00:00,3.0
,-28800,,stage,2023-11-17 13:15:30+00:00,2023-11-17 13:15:30+00:00,2023-11-17 13:20:30+00:00,3.0
,-28800,,stage,2023-11-17 13:15:31+00:00,2023-11-17 13:15:31+00:00,2023-11-17 13:20:31+00:00,3.0
,-28800,,stage,2023-11-17 13:20:30+00:00,2023-11-17 13:20:30+00:00,2023-11-17 13:25:30+00:00,3.0
,-28800,,stage,2023-11-17 13:20:31+00:00,2023-11-17 13:20:31+00:00,2023-11-17 13:25:31+00:00,3.0
,-28800,,stage,2023-11-17 13:25:30+00:00,2023-11-17 13:25:30+00:00,2023-11-17 13:30:30+00:00,3.0
,-28800,,stage,2023-11-17 13:25:31+00:00,2023-11-17 13:25:31+00:00,2023-11-17 13:30:31+00:00,3.0
,-28800,,stage,2023-11-17 13:30:30+00:00,2023-11-17 13:30:30+00:00,2023-11-17 13:35:30+00:00,3.0
,-28800,,stage,2023-11-17 13:30:31+00:00,2023-11-17 13:30:31+00:00,2023-11-17 13:35:31+00:00,3.0
,-28800,,stage,2023-11-17 13:35:30+00:00,2023-11-17 13:35:30+00:00,2023-11-17 13:40:30+00:00,3.0
,-28800,,stage,2023-11-17 13:35:31+00:00,2023-11-17 13:35:31+00:00,2023-11-17 13:40:31+00:00,3.0
,-28800,,stage,2023-11-17 13:40:30+00:00,2023-11-17 13:40:30+00:00,2023-11-17 13:45:30+00:00,3.0
,-28800,,stage,2023-11-17 13:40:31+00:00,2023-11-17 13:40:31+00:00,2023-11-17 13:45:31+00:00,3.0
,-28800,,stage,2023-11-17 13:45:30+00:00,2023-11-17 13:45:30+00:00,2023-11-17 13:50:30+00:00,3.0
,-28800,,stage,2023-11-17 13:45:31+00:00,2023-11-17 13:45:31+00:00,2023-11-17 13:50:31+00:00,3.0
,-28800,,stage,2023-11-17 13:50:30+00:00,2023-11-17 13:50:30+00:00,2023-11-17 13:55:30+00:00,2.0
,-28800,,stage,2023-11-17 13:50:31+00:00,2023-11-17 13:50:31+00:00,2023-11-17 13:55:31+00:00,2.0
,-28800,,stage,2023-11-17 13:55:30+00:00,2023-11-17 13:55:30+00:00,2023-11-17 14:00:30+00:00,2.0
,-28800,,stage,2023-11-17 13:55:31+00:00,2023-11-17 13:55:31+00:00,2023-11-17 14:00:31+00:00,2.0
,-28800,,stage,2023-11-17 14:00:30+00:00,2023-11-17 14:00:30+00:00,2023-11-17 14:05:30+00:00,2.0
,-28800,,stage,2023-11-17 14:00:31+00:00,2023-11-17 14:00:31+00:00,2023-11-17 14:05:31+00:00,2.0
,-28800,,stage,2023-11-17 14:05:30+00:00,2023-11-17 14:05:30+00:00,2023-11-17 14:10:30+00:00,2.0
,-28800,,stage,2023-11-17 14:05:31+00:00,2023-11-17 14:05:31+00:00,2023-11-17 14:10:31+00:00,2.0
,-28800,,stage,2023-11-17 14:10:30+00:00,2023-11-17 14:10:30+00:00,2023-11-17 14:15:30+00:00,2.0
,-28800,,stage,2023-11-17 14:10:31+00:00,2023-11-17 14:10:31+00:00,2023-11-17 14:15:31+00:00,2.0
,-28800,,stage,2023-11-17 14:15:30+00:00,2023-11-17 14:15:30+00:00,2023-11-17 14:20:30+00:00,2.0
,-28800,,stage,2023-11-17 14:15:31+00:00,2023-11-17 14:15:31+00:00,2023-11-17 14:20:31+00:00,2.0
,-28800,,stage,2023-11-17 14:20:30+00:00,2023-11-17 14:20:30+00:00,2023-11-17 14:25:30+00:00,2.0
,-28800,,stage,2023-11-17 14:20:31+00:00,2023-11-17 14:20:31+00:00,2023-11-17 14:25:31+00:00,2.0
,-28800,,stage,2023-11-17 14:25:30+00:00,2023-11-17 14:25:30+00:00,2023-11-17 14:30:30+00:00,2.0
,-28800,,stage,2023-11-17 14:25:31+00:00,2023-11-17 14:25:31+00:00,2023-11-17 14:30:31+00:00,2.0
,-28800,,stage,2023-11-17 14:30:30+00:00,2023-11-17 14:30:30+00:00,2023-11-17 14:35:30+00:00,2.0
,-28800,,stage,2023-11-17 14:30:31+00:00,2023-11-17 14:30:31+00:00,2023-11-17 14:35:31+00:00,2.0
,-28800,,stage,2023-11-17 14:35:30+00:00,2023-11-17 14:35:30+00:00,2023-11-17 14:40:30+00:00,2.0
,-28800,,stage,2023-11-17 14:40:30+00:00,2023-11-17 14:40:30+00:00,2023-11-17 14:45:30+00:00,2.0
,-28800,,stage,2023-11-17 14:45:30+00:00,2023-11-17 14:45:30+00:00,2023-11-17 14:50:30+00:00,2.0
,-28800,,stage,2023-11-17 14:50:30+00:00,2023-11-17 14:50:30+00:00,2023-11-17 14:55:30+00:00,4.0
,-28800,,stage,2023-11-17 14:55:30+00:00,2023-11-17 14:55:30+00:00,2023-11-17 15:00:30+00:00,3.0
,-28800,,stage,2023-11-17 15:00:30+00:00,2023-11-17 15:00:30+00:00,2023-11-17 15:05:30+00:00,3.0
,-28800,,stage,2023-11-17 15:05:30+00:00,2023-11-17 15:05:30+00:00,2023-11-17 15:10:30+00:00,2.0
,-28800,,stage,2023-11-17 15:10:30+00:00,2023-11-17 15:10:30+00:00,2023-11-17 15:15:30+00:00,2.0
,-28800,,stage,2023-11-17 15:15:30+00:00,2023-11-17 15:15:30+00:00,2023-11-17 15:20:30+00:00,2.0
,-28800,,stage,2023-11-17 15:20:30+00:00,2023-11-17 15:20:30+00:00,2023-11-17 15:25:30+00:00,2.0
,-28800,,stage,2023-11-17 15:25:30+00:00,2023-11-17 15:25:30+00:00,2023-11-17 15:30:30+00:00,4.0
,-28800,,stage,2023-11-17 15:30:30+00:00,2023-11-17 15:30:30+00:00,2023-11-17 15:35:30+00:00,4.0
,-28800,,stage,2023-11-17 15:35:30+00:00,2023-11-17 15:35:30+00:00,2023-11-17 15:40:30+00:00,4.0
,-28800,,stage,2023-11-17 15:40:30+00:00,2023-11-17 15:40:30+00:00,2023-11-17 15:45:30+00:00,4.0
